10,2014,"'ANDAMAN & NICOBAR ISLANDS","'ANDAMAN & NICOBAR ISLANDS","'ANDAMAN & NICOBAR ISLANDS",23.36,42.77
10,2014,"'Nicobars","'Nicobars","'ANDAMAN & NICOBAR ISLANDS",10.21,26.46
10,2014,"'Nicobars","'Car Nicobar","'ANDAMAN & NICOBAR ISLANDS",13.5,46.82
10,2014,"'Nicobars","'Mus","'ANDAMAN & NICOBAR ISLANDS",17.32,33.12
10,2014,"'Nicobars","'Teetop","'ANDAMAN & NICOBAR ISLANDS",5.48,31.76
10,2014,"'Nicobars","'Sawai","'ANDAMAN & NICOBAR ISLANDS",5.02,38.99
10,2014,"'Nicobars","'Arong","'ANDAMAN & NICOBAR ISLANDS",11.97,45.81
10,2014,"'Nicobars","'Kimois","'ANDAMAN & NICOBAR ISLANDS",14.35,33.14
10,2014,"'Nicobars","'Kakana","'ANDAMAN & NICOBAR ISLANDS",8.24,39.61
10,2014,"'Nicobars","'IAF Camp","'ANDAMAN & NICOBAR ISLANDS",3.46,39.22
10,2014,"'Nicobars","'Malacca","'ANDAMAN & NICOBAR ISLANDS",14.57,31.22
10,2014,"'Nicobars","'Perka","'ANDAMAN & NICOBAR ISLANDS",15.96,30.83
10,2014,"'Nicobars","'Tamaloo","'ANDAMAN & NICOBAR ISLANDS",23.52,33.04
10,2014,"'Nicobars","'Kinyuka","'ANDAMAN & NICOBAR ISLANDS",2.12,27.33
10,2014,"'Nicobars","'Chuckchucha","'ANDAMAN & NICOBAR ISLANDS",3.97,30.55
10,2014,"'Nicobars","'Tapoiming","'ANDAMAN & NICOBAR ISLANDS",3.83,29.87
10,2014,"'Nicobars","'Big Lapati","'ANDAMAN & NICOBAR ISLANDS",16.34,48.25
10,2014,"'Nicobars","'Small Lapati","'ANDAMAN & NICOBAR ISLANDS",6.58,34.76
10,2014,"'Nicobars","'Kinmai","'ANDAMAN & NICOBAR ISLANDS",12.17,35.03
10,2014,"'Nicobars","'Nancowry","'ANDAMAN & NICOBAR ISLANDS",9.34,36.48
10,2014,"'Nicobars","'Tahaila","'ANDAMAN & NICOBAR ISLANDS",23.92,32.44
10,2014,"'Nicobars","'Chongkamong","'ANDAMAN & NICOBAR ISLANDS",15.2,45.37
10,2014,"'Nicobars","'Alhiat","'ANDAMAN & NICOBAR ISLANDS",19.74,37.35
10,2014,"'Nicobars","'Kuitasuk","'ANDAMAN & NICOBAR ISLANDS",16.2,28.68
10,2014,"'Nicobars","'Raihion","'ANDAMAN & NICOBAR ISLANDS",22.37,26.55
10,2014,"'Nicobars","'Tillang Chong Island*","'ANDAMAN & NICOBAR ISLANDS",15.65,39.45
10,2014,"'Nicobars","'Aloorang","'ANDAMAN & NICOBAR ISLANDS",2.79,43.44
10,2014,"'Nicobars","'Aloora*","'ANDAMAN & NICOBAR ISLANDS",19.19,35.17
10,2014,"'Nicobars","'Enam","'ANDAMAN & NICOBAR ISLANDS",1.43,26.67
10,2014,"'Nicobars","'Luxi","'ANDAMAN & NICOBAR ISLANDS",4.73,40.86
10,2014,"'Nicobars","'Kalara*","'ANDAMAN & NICOBAR ISLANDS",13.48,40.8
10,2014,"'Nicobars","'Chukmachi","'ANDAMAN & NICOBAR ISLANDS",24.39,44.49
10,2014,"'Nicobars","'Safedbalu*","'ANDAMAN & NICOBAR ISLANDS",9.42,40.31
10,2014,"'Nicobars","'Minyuk","'ANDAMAN & NICOBAR ISLANDS",23.39,31.49
10,2014,"'Nicobars","'Kanahinot","'ANDAMAN & NICOBAR ISLANDS",7.15,42.87
10,2014,"'Nicobars","'Kalasi","'ANDAMAN & NICOBAR ISLANDS",20.66,39.4
10,2014,"'Nicobars","'Bengali","'ANDAMAN & NICOBAR ISLANDS",4.27,37.8
10,2014,"'Nicobars","'Bompoka Island*","'ANDAMAN & NICOBAR ISLANDS",9.94,42.02
10,2014,"'Nicobars","'Jhoola*","'ANDAMAN & NICOBAR ISLANDS",24.81,29.02
10,2014,"'Nicobars","'Jansin*","'ANDAMAN & NICOBAR ISLANDS",15.69,36.79
10,2014,"'Nicobars","'Hitlat*","'ANDAMAN & NICOBAR ISLANDS",23.86,41
10,2014,"'Nicobars","'Mavatapis/Maratapia*","'ANDAMAN & NICOBAR ISLANDS",1.19,35.11
10,2014,"'Nicobars","'Chonghipoh*","'ANDAMAN & NICOBAR ISLANDS",19.62,49.58
10,2014,"'Nicobars","'Sanaya*","'ANDAMAN & NICOBAR ISLANDS",9.41,47.49
10,2014,"'Nicobars","'Alkaipoh/Alkripoh*","'ANDAMAN & NICOBAR ISLANDS",13.74,27
10,2014,"'Nicobars","'Alhitoth/Alhiloth*","'ANDAMAN & NICOBAR ISLANDS",18.21,30.8
10,2014,"'Nicobars","'Katahuwa*","'ANDAMAN & NICOBAR ISLANDS",15.07,39.21
10,2014,"'Nicobars","'Kumikia*","'ANDAMAN & NICOBAR ISLANDS",9.17,29.36
10,2014,"'Nicobars","'Kamriak*","'ANDAMAN & NICOBAR ISLANDS",19.07,41.42
10,2014,"'Nicobars","'Hutnyak*","'ANDAMAN & NICOBAR ISLANDS",1.21,39.08
10,2014,"'Nicobars","'Ongulongho*","'ANDAMAN & NICOBAR ISLANDS",10.56,33.22
10,2014,"'Nicobars","'Chonsiyala*","'ANDAMAN & NICOBAR ISLANDS",21.74,46.25
10,2014,"'Nicobars","'Hontona*","'ANDAMAN & NICOBAR ISLANDS",15.58,26.53
10,2014,"'Nicobars","'Kulatapangia*","'ANDAMAN & NICOBAR ISLANDS",10.32,29.2
10,2014,"'Nicobars","'Vyavtapu*","'ANDAMAN & NICOBAR ISLANDS",24.92,42.31
10,2014,"'Nicobars","'Hoipoh*","'ANDAMAN & NICOBAR ISLANDS",15.99,37.28
10,2014,"'Nicobars","'Mapayala*","'ANDAMAN & NICOBAR ISLANDS",1.45,28.37
10,2014,"'Nicobars","'Chengtamilan*","'ANDAMAN & NICOBAR ISLANDS",21.21,31.99
10,2014,"'Nicobars","'Atkuna/Alkun*","'ANDAMAN & NICOBAR ISLANDS",17.86,44.51
10,2014,"'Nicobars","'Tani*","'ANDAMAN & NICOBAR ISLANDS",14.24,27.51
10,2014,"'Nicobars","'Kalminikum/Kalmenkam*","'ANDAMAN & NICOBAR ISLANDS",16,28.21
10,2014,"'Nicobars","'Hakonhala*","'ANDAMAN & NICOBAR ISLANDS",2.64,26.64
10,2014,"'Nicobars","'Reakomlong*","'ANDAMAN & NICOBAR ISLANDS",17.51,42.73
10,2014,"'Nicobars","'Sonomkuwa*","'ANDAMAN & NICOBAR ISLANDS",15.06,48.06
10,2014,"'Nicobars","'Tavinkin/Tavakin*","'ANDAMAN & NICOBAR ISLANDS",5.65,47.62
10,2014,"'Nicobars","'Halnatai/Hoinatai*","'ANDAMAN & NICOBAR ISLANDS",22.15,36.33
10,2014,"'Nicobars","'Altaful*","'ANDAMAN & NICOBAR ISLANDS",6.38,26.27
10,2014,"'Nicobars","'Kavatinpeu/Karahinpoh*","'ANDAMAN & NICOBAR ISLANDS",4.39,38.46
10,2014,"'Nicobars","'Alsama*","'ANDAMAN & NICOBAR ISLANDS",15.32,48.08
10,2014,"'Nicobars","'Kapanga*","'ANDAMAN & NICOBAR ISLANDS",12.41,37.92
10,2014,"'Nicobars","'Kupinga*","'ANDAMAN & NICOBAR ISLANDS",7.96,47.01
10,2014,"'Nicobars","'Mildera","'ANDAMAN & NICOBAR ISLANDS",18.43,29
10,2014,"'Nicobars","'Upper Katchal","'ANDAMAN & NICOBAR ISLANDS",24.66,42.03
10,2014,"'Nicobars","'Meenakshi Ram Nagar","'ANDAMAN & NICOBAR ISLANDS",5.35,31.56
10,2014,"'Nicobars","'Japan Tikri","'ANDAMAN & NICOBAR ISLANDS",6.84,36
10,2014,"'Nicobars","'E-Wall","'ANDAMAN & NICOBAR ISLANDS",11.66,33.69
10,2014,"'Nicobars","'W.B.Katchal/Hindra*","'ANDAMAN & NICOBAR ISLANDS",2.34,37.32
10,2014,"'Nicobars","'Alipa/Alips*","'ANDAMAN & NICOBAR ISLANDS",19.83,49.97
10,2014,"'Nicobars","'Lapat*","'ANDAMAN & NICOBAR ISLANDS",8.5,38.77
10,2014,"'Nicobars","'Hindra*","'ANDAMAN & NICOBAR ISLANDS",12.12,31.17
10,2014,"'Nicobars","'Mus*","'ANDAMAN & NICOBAR ISLANDS",22.98,30.58
10,2014,"'Nicobars","'Payak*","'ANDAMAN & NICOBAR ISLANDS",14.56,27.05
10,2014,"'Nicobars","'Neang*","'ANDAMAN & NICOBAR ISLANDS",18.84,48.39
10,2014,"'Nicobars","'Tapong incl. Kabila","'ANDAMAN & NICOBAR ISLANDS",18.05,41.27
10,2014,"'Nicobars","'Lanuanga*","'ANDAMAN & NICOBAR ISLANDS",22.14,27.56
10,2014,"'Nicobars","'Altheak","'ANDAMAN & NICOBAR ISLANDS",4.35,36.07
10,2014,"'Nicobars","'Al-Hit-Touch/Balu Basti","'ANDAMAN & NICOBAR ISLANDS",11.15,28.16
10,2014,"'Nicobars","'Malacca*","'ANDAMAN & NICOBAR ISLANDS",6.2,29.47
10,2014,"'Nicobars","'Champin","'ANDAMAN & NICOBAR ISLANDS",7.49,35.49
10,2014,"'Nicobars","'Hinnunga*","'ANDAMAN & NICOBAR ISLANDS",5.88,34.86
10,2014,"'Nicobars","'Tapani/Tapainy*","'ANDAMAN & NICOBAR ISLANDS",23.53,49.76
10,2014,"'Nicobars","'Inroak/Chinlak*","'ANDAMAN & NICOBAR ISLANDS",20.21,37.7
10,2014,"'Nicobars","'Itoi*(HITUI)","'ANDAMAN & NICOBAR ISLANDS",4.15,36.86
10,2014,"'Nicobars","'Alreak*","'ANDAMAN & NICOBAR ISLANDS",16.71,40.61
10,2014,"'Nicobars","'Hintona*","'ANDAMAN & NICOBAR ISLANDS",19.59,30.23
10,2014,"'Nicobars","'Uper Tapu*","'ANDAMAN & NICOBAR ISLANDS",22.63,31.92
10,2014,"'Nicobars","'Pilpilow","'ANDAMAN & NICOBAR ISLANDS",17.98,27.25
10,2014,"'Nicobars","'Neeche Tapu*","'ANDAMAN & NICOBAR ISLANDS",15.95,44.95
10,2014,"'Nicobars","'Manjula*","'ANDAMAN & NICOBAR ISLANDS",7.12,26.03
10,2014,"'Nicobars","'Okiya/Chiya*","'ANDAMAN & NICOBAR ISLANDS",5.37,29.1
10,2014,"'Nicobars","'Olinpon/Alhinpon*","'ANDAMAN & NICOBAR ISLANDS",17.05,48.38
10,2014,"'Nicobars","'Bumpal*","'ANDAMAN & NICOBAR ISLANDS",7.67,46.4
10,2014,"'Nicobars","'Karan/Karav*","'ANDAMAN & NICOBAR ISLANDS",18.99,34.45
10,2014,"'Nicobars","'Daring","'ANDAMAN & NICOBAR ISLANDS",6.64,35.35
10,2014,"'Nicobars","'Maru*","'ANDAMAN & NICOBAR ISLANDS",5.45,39.02
10,2014,"'Nicobars","'Chanel/Chanol*","'ANDAMAN & NICOBAR ISLANDS",6.3,40.24
10,2014,"'Nicobars","'Tanae*","'ANDAMAN & NICOBAR ISLANDS",8,27.97
10,2014,"'Nicobars","'Alointung*","'ANDAMAN & NICOBAR ISLANDS",24.72,29.69
10,2014,"'Nicobars","'Banderkari/Pulu","'ANDAMAN & NICOBAR ISLANDS",9.73,31.11
10,2014,"'Nicobars","'Alpintu/Alpintung*","'ANDAMAN & NICOBAR ISLANDS",15.06,29.88
10,2014,"'Nicobars","'Tomae/Inmae*","'ANDAMAN & NICOBAR ISLANDS",18.69,32.16
10,2014,"'Nicobars","'Changua/Changup","'ANDAMAN & NICOBAR ISLANDS",20.85,35.92
10,2014,"'Nicobars","'Masala Tapu*","'ANDAMAN & NICOBAR ISLANDS",9.08,38.21
10,2014,"'Nicobars","'Alukian/Alhukheck","'ANDAMAN & NICOBAR ISLANDS",12.11,43.29
10,2014,"'Nicobars","'Knot","'ANDAMAN & NICOBAR ISLANDS",10.06,49.19
10,2014,"'Nicobars","'Inmae*","'ANDAMAN & NICOBAR ISLANDS",10.17,41.53
10,2014,"'Nicobars","'Payuha","'ANDAMAN & NICOBAR ISLANDS",12.77,47.94
10,2014,"'Nicobars","'Munak incl. Ponioo/Moul","'ANDAMAN & NICOBAR ISLANDS",14.81,31.2
10,2014,"'Nicobars","'Ramzoo*(Ramjaw)","'ANDAMAN & NICOBAR ISLANDS",18.42,41.24
10,2014,"'Nicobars","'Kamorta/Kalatapu(Incl.Sanuh)","'ANDAMAN & NICOBAR ISLANDS",13.94,28.37
10,2014,"'Nicobars","'Chota Inak","'ANDAMAN & NICOBAR ISLANDS",23.57,29.81
10,2014,"'Nicobars","'Berainak/Badnak","'ANDAMAN & NICOBAR ISLANDS",5.29,39.2
10,2014,"'Nicobars","'Vikas Nagar","'ANDAMAN & NICOBAR ISLANDS",22.57,26.01
10,2014,"'Nicobars","'Kakana","'ANDAMAN & NICOBAR ISLANDS",20.84,37.86
10,2014,"'Nicobars","'Nyicalang*","'ANDAMAN & NICOBAR ISLANDS",14.37,30.46
10,2014,"'Nicobars","'Mohreak/Kohreakap*","'ANDAMAN & NICOBAR ISLANDS",10.78,32.28
10,2014,"'Nicobars","'Kuikua*","'ANDAMAN & NICOBAR ISLANDS",9.85,30.89
10,2014,"'Nicobars","'Safedbalu*","'ANDAMAN & NICOBAR ISLANDS",15.13,34.43
10,2014,"'Nicobars","'Hockook*","'ANDAMAN & NICOBAR ISLANDS",12.99,46.04
10,2014,"'Nicobars","'Trinket*","'ANDAMAN & NICOBAR ISLANDS",3.31,31.72
10,2014,"'Nicobars","'Tapiang*","'ANDAMAN & NICOBAR ISLANDS",12.09,29.24
10,2014,"'Nicobars","'Kapila*","'ANDAMAN & NICOBAR ISLANDS",19.03,27.04
10,2014,"'Nicobars","'Great Nicobar","'ANDAMAN & NICOBAR ISLANDS",24.96,43.92
10,2014,"'Nicobars","'Pulomilo","'ANDAMAN & NICOBAR ISLANDS",14.81,40.8
10,2014,"'Nicobars","'Minlana/Minlan","'ANDAMAN & NICOBAR ISLANDS",16.81,49.83
10,2014,"'Nicobars","'Anul/Anula","'ANDAMAN & NICOBAR ISLANDS",10.53,27.54
10,2014,"'Nicobars","'Makhahu/Makachua","'ANDAMAN & NICOBAR ISLANDS",20.97,42.35
10,2014,"'Nicobars","'Akupa","'ANDAMAN & NICOBAR ISLANDS",16.5,45.16
10,2014,"'Nicobars","'Inlock/Infock","'ANDAMAN & NICOBAR ISLANDS",20.18,28.31
10,2014,"'Nicobars","'Pulotalia/Pulotohio","'ANDAMAN & NICOBAR ISLANDS",21.29,34.52
10,2014,"'Nicobars","'Pulobaha/Pathathifen","'ANDAMAN & NICOBAR ISLANDS",23.55,26.63
10,2014,"'Nicobars","'Bewai/Kuwak","'ANDAMAN & NICOBAR ISLANDS",16.31,33.18
10,2014,"'Nicobars","'Kiyang","'ANDAMAN & NICOBAR ISLANDS",12.6,40.25
10,2014,"'Nicobars","'Pulloullo/Puloulo","'ANDAMAN & NICOBAR ISLANDS",23.7,45.86
10,2014,"'Nicobars","'Hoin incl. Ikuia","'ANDAMAN & NICOBAR ISLANDS",6.77,27.21
10,2014,"'Nicobars","'Pea","'ANDAMAN & NICOBAR ISLANDS",9.9,40.13
10,2014,"'Nicobars","'Pulobha/Pulobahan","'ANDAMAN & NICOBAR ISLANDS",5.48,29.22
10,2014,"'Nicobars","'Hokesiang","'ANDAMAN & NICOBAR ISLANDS",2.48,28.06
10,2014,"'Nicobars","'Pattia (Pulopattia)","'ANDAMAN & NICOBAR ISLANDS",18.06,29.56
10,2014,"'Nicobars","'Olinchi/Bombay","'ANDAMAN & NICOBAR ISLANDS",1.5,32.39
10,2014,"'Nicobars","'Inlock/Pattia","'ANDAMAN & NICOBAR ISLANDS",12.51,28.12
10,2014,"'Nicobars","'Pulopanja","'ANDAMAN & NICOBAR ISLANDS",5.96,38.54
10,2014,"'Nicobars","'Elahi/Ilhoya","'ANDAMAN & NICOBAR ISLANDS",4.23,33.26
10,2014,"'Nicobars","'Inod","'ANDAMAN & NICOBAR ISLANDS",22.38,47.84
10,2014,"'Nicobars","'Pehayo","'ANDAMAN & NICOBAR ISLANDS",8.89,36.12
10,2014,"'Nicobars","'Bahua","'ANDAMAN & NICOBAR ISLANDS",24.7,31.88
10,2014,"'Nicobars","'Kondul","'ANDAMAN & NICOBAR ISLANDS",24.95,28.51
10,2014,"'Nicobars","'Pulobed/Lababu","'ANDAMAN & NICOBAR ISLANDS",19.94,45.87
10,2014,"'Nicobars","'Katahu","'ANDAMAN & NICOBAR ISLANDS",7.55,40.73
10,2014,"'Nicobars","'Afra Bay","'ANDAMAN & NICOBAR ISLANDS",1.41,47.27
10,2014,"'Nicobars","'Dairkurat","'ANDAMAN & NICOBAR ISLANDS",20.41,36.83
10,2014,"'Nicobars","'Alexandera River","'ANDAMAN & NICOBAR ISLANDS",19.95,44.86
10,2014,"'Nicobars","'Ayouk","'ANDAMAN & NICOBAR ISLANDS",24.38,39.29
10,2014,"'Nicobars","'Pulobed","'ANDAMAN & NICOBAR ISLANDS",13.33,26.67
10,2014,"'Nicobars","'Pulokunji","'ANDAMAN & NICOBAR ISLANDS",13.88,47.4
10,2014,"'Nicobars","'Shompen Village-A","'ANDAMAN & NICOBAR ISLANDS",20.2,33.72
10,2014,"'Nicobars","'Renguang","'ANDAMAN & NICOBAR ISLANDS",9.99,26
10,2014,"'Nicobars","'Dogmar River","'ANDAMAN & NICOBAR ISLANDS",23.47,48.89
10,2014,"'Nicobars","'Kopenheat","'ANDAMAN & NICOBAR ISLANDS",22.81,35.73
10,2014,"'Nicobars","'Shompen Village-B","'ANDAMAN & NICOBAR ISLANDS",5.82,29.85
10,2014,"'Nicobars","'Kasintung","'ANDAMAN & NICOBAR ISLANDS",16.33,26.87
10,2014,"'Nicobars","'Koe","'ANDAMAN & NICOBAR ISLANDS",13.86,32.97
10,2014,"'Nicobars","'Danlet","'ANDAMAN & NICOBAR ISLANDS",5.73,37.28
10,2014,"'Nicobars","'Pulobhabi","'ANDAMAN & NICOBAR ISLANDS",7.89,33.62
10,2014,"'Nicobars","'Patatiya","'ANDAMAN & NICOBAR ISLANDS",15.49,44.01
10,2014,"'Nicobars","'Hin-Pou-Chi","'ANDAMAN & NICOBAR ISLANDS",18.21,48.05
10,2014,"'Nicobars","'Kokeon","'ANDAMAN & NICOBAR ISLANDS",24.25,43.44
10,2014,"'Nicobars","'Dakhiyon (FC)","'ANDAMAN & NICOBAR ISLANDS",4.13,38.38
10,2014,"'Nicobars","'Pulopucca","'ANDAMAN & NICOBAR ISLANDS",7.96,48.58
10,2014,"'Nicobars","'In-Hig-Loi","'ANDAMAN & NICOBAR ISLANDS",10.77,30.46
10,2014,"'Nicobars","'Pulobaha","'ANDAMAN & NICOBAR ISLANDS",20.21,43.55
10,2014,"'Nicobars","'Indira Point","'ANDAMAN & NICOBAR ISLANDS",19.77,38.29
10,2014,"'Nicobars","'Chingen (incl.FC at Magar Nalla","'ANDAMAN & NICOBAR ISLANDS",2.04,40.81
10,2014,"'Nicobars","'Galathia River (FC)","'ANDAMAN & NICOBAR ISLANDS",6.83,40.67
10,2014,"'Nicobars","'Sastri Nagar","'ANDAMAN & NICOBAR ISLANDS",2.41,39.41
10,2014,"'Nicobars","'Gandhi Nagar","'ANDAMAN & NICOBAR ISLANDS",13.9,29
10,2014,"'Nicobars","'Laxmi Nagar","'ANDAMAN & NICOBAR ISLANDS",24.91,29.63
10,2014,"'Nicobars","'Vijoy Nagar","'ANDAMAN & NICOBAR ISLANDS",10.33,31.35
10,2014,"'Nicobars","'Joginder Nagar","'ANDAMAN & NICOBAR ISLANDS",22.39,28.17
10,2014,"'Nicobars","'7 km Farm","'ANDAMAN & NICOBAR ISLANDS",10.28,45.34
10,2014,"'Nicobars","'Not yet named (at 27.9 km)-A","'ANDAMAN & NICOBAR ISLANDS",11.06,33.3
10,2014,"'Nicobars","'Shompen hut","'ANDAMAN & NICOBAR ISLANDS",16.59,49.78
10,2014,"'Nicobars","'Govinda Nagar","'ANDAMAN & NICOBAR ISLANDS",19.65,26.36
10,2014,"'Nicobars","'Campbell Bay","'ANDAMAN & NICOBAR ISLANDS",17.16,35.05
10,2014,"'Nicobars","'Ranganathan Bay","'ANDAMAN & NICOBAR ISLANDS",14.63,42.27
10,2014,"'Nicobars","'Not yet named","'ANDAMAN & NICOBAR ISLANDS",13.76,48.76
10,2014,"'Nicobars","'Not yet named","'ANDAMAN & NICOBAR ISLANDS",1.43,47.82
10,2014,"'Nicobars","'Chaw Nallaha","'ANDAMAN & NICOBAR ISLANDS",19.28,49.47
10,2014,"'Nicobars","'Gol Tikrey","'ANDAMAN & NICOBAR ISLANDS",18.82,46.02
10,2014,"'Nicobars","'Navy Dera","'ANDAMAN & NICOBAR ISLANDS",23.81,35.91
10,2014,"'Nicobars","'Lawful","'ANDAMAN & NICOBAR ISLANDS",18.76,41.58
10,2014,"'Nicobars","'Trinket Bay","'ANDAMAN & NICOBAR ISLANDS",17.89,32.6
10,2014,"'Nicobars","'Patisang","'ANDAMAN & NICOBAR ISLANDS",16.57,26.66
10,2014,"'Nicobars","'Lanaya","'ANDAMAN & NICOBAR ISLANDS",16.97,46.36
10,2014,"'Nicobars","'Pitayo","'ANDAMAN & NICOBAR ISLANDS",11.7,36.98
10,2014,"'North  & Middle Andaman","'North  & Middle Andaman","'ANDAMAN & NICOBAR ISLANDS",8.11,33.62
10,2014,"'North  & Middle Andaman","'Diglipur","'ANDAMAN & NICOBAR ISLANDS",5.92,44.21
10,2014,"'North  & Middle Andaman","'Shyam Nagar (RV)","'ANDAMAN & NICOBAR ISLANDS",1.77,42.5
10,2014,"'North  & Middle Andaman","'Radha Nagar (RV)","'ANDAMAN & NICOBAR ISLANDS",16.54,33.13
10,2014,"'North  & Middle Andaman","'Swarajgram (RV)","'ANDAMAN & NICOBAR ISLANDS",3.09,28.12
10,2014,"'North  & Middle Andaman","'Milangram (RV)","'ANDAMAN & NICOBAR ISLANDS",19.81,42.45
10,2014,"'North  & Middle Andaman","'Laxmipur (RV)","'ANDAMAN & NICOBAR ISLANDS",1.98,35.31
10,2014,"'North  & Middle Andaman","'Deshbandhugram (RV)","'ANDAMAN & NICOBAR ISLANDS",18.48,27
10,2014,"'North  & Middle Andaman","'Madhupur (RV)","'ANDAMAN & NICOBAR ISLANDS",4.77,36.98
10,2014,"'North  & Middle Andaman","'Krishnapuri (RV)","'ANDAMAN & NICOBAR ISLANDS",7.3,39.81
10,2014,"'North  & Middle Andaman","'Sitanagar (RV)","'ANDAMAN & NICOBAR ISLANDS",12.17,39.82
10,2014,"'North  & Middle Andaman","'Rabindrapalli (RV)","'ANDAMAN & NICOBAR ISLANDS",11.64,45.27
10,2014,"'North  & Middle Andaman","'Subhashgram (RV)","'ANDAMAN & NICOBAR ISLANDS",19.08,40.21
10,2014,"'North  & Middle Andaman","'Diglipur (RV)","'ANDAMAN & NICOBAR ISLANDS",18.64,38.62
10,2014,"'North  & Middle Andaman","'Ramakrishnagram (RV)","'ANDAMAN & NICOBAR ISLANDS",9.56,43.46
10,2014,"'North  & Middle Andaman","'Vidyasagarpalli (RV)","'ANDAMAN & NICOBAR ISLANDS",17.77,46.58
10,2014,"'North  & Middle Andaman","'Keralapuram (RV)","'ANDAMAN & NICOBAR ISLANDS",17.01,36.3
10,2014,"'North  & Middle Andaman","'Aerial Bay (RV)","'ANDAMAN & NICOBAR ISLANDS",19.15,33.48
10,2014,"'North  & Middle Andaman","'Durgapur (RV)","'ANDAMAN & NICOBAR ISLANDS",5.33,33.06
10,2014,"'North  & Middle Andaman","'Shibpur (RV)","'ANDAMAN & NICOBAR ISLANDS",11.85,44.57
10,2014,"'North  & Middle Andaman","'Kalipur (RV)","'ANDAMAN & NICOBAR ISLANDS",7.77,47.78
10,2014,"'North  & Middle Andaman","'Khudirampur (RV)","'ANDAMAN & NICOBAR ISLANDS",21.74,39.65
10,2014,"'North  & Middle Andaman","'Nabagram (RV)","'ANDAMAN & NICOBAR ISLANDS",20.14,42.57
10,2014,"'North  & Middle Andaman","'Paranghara (RV)","'ANDAMAN & NICOBAR ISLANDS",12.42,49.64
10,2014,"'North  & Middle Andaman","'Kishori Nagar (RV)","'ANDAMAN & NICOBAR ISLANDS",19.27,34.55
10,2014,"'North  & Middle Andaman","'Madhyamgram (RV)","'ANDAMAN & NICOBAR ISLANDS",6.28,35.13
10,2014,"'North  & Middle Andaman","'Nischintapur (RV)","'ANDAMAN & NICOBAR ISLANDS",7.28,35.61
10,2014,"'North  & Middle Andaman","'Kalighat (RV)","'ANDAMAN & NICOBAR ISLANDS",2.91,28.41
10,2014,"'North  & Middle Andaman","'Jagannath Dera (RV)","'ANDAMAN & NICOBAR ISLANDS",9.77,28.52
10,2014,"'North  & Middle Andaman","'Ramnagar (RV)","'ANDAMAN & NICOBAR ISLANDS",7.68,38.22
10,2014,"'North  & Middle Andaman","'Borang (RV)","'ANDAMAN & NICOBAR ISLANDS",21.1,47.78
10,2014,"'North  & Middle Andaman","'Mohanpur (RV)","'ANDAMAN & NICOBAR ISLANDS",21.87,28.44
10,2014,"'North  & Middle Andaman","'Sagar Dweep (RV)","'ANDAMAN & NICOBAR ISLANDS",15.67,36.65
10,2014,"'North  & Middle Andaman","'East Island (Police post & Light house)","'ANDAMAN & NICOBAR ISLANDS",5.45,27.41
10,2014,"'North  & Middle Andaman","'Narcondam Island (Police post)","'ANDAMAN & NICOBAR ISLANDS",2.25,33.75
10,2014,"'North  & Middle Andaman","'Karen Basti (EFA)","'ANDAMAN & NICOBAR ISLANDS",10.01,47.84
10,2014,"'North  & Middle Andaman","'Elezabeth Bay (EFA)","'ANDAMAN & NICOBAR ISLANDS",6.56,39.94
10,2014,"'North  & Middle Andaman","'Beach Dera (EFA)","'ANDAMAN & NICOBAR ISLANDS",24.59,47.97
10,2014,"'North  & Middle Andaman","'Coffe Dera (EFA)","'ANDAMAN & NICOBAR ISLANDS",10.08,47.2
10,2014,"'North  & Middle Andaman","'Bandhan Nallaha (EFA)","'ANDAMAN & NICOBAR ISLANDS",14.07,34.04
10,2014,"'North  & Middle Andaman","'Haridas Kattai (EFA)","'ANDAMAN & NICOBAR ISLANDS",7.94,38.28
10,2014,"'North  & Middle Andaman","'Shyam Nagar (EFA)","'ANDAMAN & NICOBAR ISLANDS",4.76,34.16
10,2014,"'North  & Middle Andaman","'Ganesh Nagar (EFA)","'ANDAMAN & NICOBAR ISLANDS",21.61,48.3
10,2014,"'North  & Middle Andaman","'Amber Chad (EFA)","'ANDAMAN & NICOBAR ISLANDS",11.14,31.03
10,2014,"'North  & Middle Andaman","'Santi Nagar (EFA)","'ANDAMAN & NICOBAR ISLANDS",17.78,26.44
10,2014,"'North  & Middle Andaman","'Gandhi Nagar (EFA)","'ANDAMAN & NICOBAR ISLANDS",9.6,44.03
10,2014,"'North  & Middle Andaman","'Gandhi Nagar (Forest Beat)","'ANDAMAN & NICOBAR ISLANDS",22.67,44.18
10,2014,"'North  & Middle Andaman","'Radha Nagar (EFA)","'ANDAMAN & NICOBAR ISLANDS",9.48,49.06
10,2014,"'North  & Middle Andaman","'Burmachad (EFA)","'ANDAMAN & NICOBAR ISLANDS",7.69,39.87
10,2014,"'North  & Middle Andaman","'Haran Nallaha (EFA)","'ANDAMAN & NICOBAR ISLANDS",16.8,29.88
10,2014,"'North  & Middle Andaman","'Laxmipur (EFA)","'ANDAMAN & NICOBAR ISLANDS",21.53,46.56
10,2014,"'North  & Middle Andaman","'Paschimsagar (EFA)","'ANDAMAN & NICOBAR ISLANDS",14.35,43.72
10,2014,"'North  & Middle Andaman","'Tal Bagan (EFA)","'ANDAMAN & NICOBAR ISLANDS",6.97,36.49
10,2014,"'North  & Middle Andaman","'Sitanagar, (EFA)               ","'ANDAMAN & NICOBAR ISLANDS",10.94,27.47
10,2014,"'North  & Middle Andaman","'Khudirampur (EFA)","'ANDAMAN & NICOBAR ISLANDS",19.42,38.45
10,2014,"'North  & Middle Andaman","'Lamiya Bay (EFA)","'ANDAMAN & NICOBAR ISLANDS",4.51,48.6
10,2014,"'North  & Middle Andaman","'Lamiya Bay (WLS)","'ANDAMAN & NICOBAR ISLANDS",4.22,29.32
10,2014,"'North  & Middle Andaman","'Baskata Nallaha (EFA)","'ANDAMAN & NICOBAR ISLANDS",20.62,31.61
10,2014,"'North  & Middle Andaman","'Mutha Nallaha (EFA)","'ANDAMAN & NICOBAR ISLANDS",19.44,32.11
10,2014,"'North  & Middle Andaman","'Bali Nallaha (EFA)","'ANDAMAN & NICOBAR ISLANDS",22.88,40.54
10,2014,"'North  & Middle Andaman","'Bamboo Nallaha (EFA)","'ANDAMAN & NICOBAR ISLANDS",7.85,32.69
10,2014,"'North  & Middle Andaman","'Srinagar (EFA)","'ANDAMAN & NICOBAR ISLANDS",21.63,37.87
10,2014,"'North  & Middle Andaman","'Ganna Level (EFA)","'ANDAMAN & NICOBAR ISLANDS",1.35,44.59
10,2014,"'North  & Middle Andaman","'Narayan Tikri (EFA)","'ANDAMAN & NICOBAR ISLANDS",15.39,29.27
10,2014,"'North  & Middle Andaman","'Pemaiahdera (FDCA)            ","'ANDAMAN & NICOBAR ISLANDS",17.6,47.91
10,2014,"'North  & Middle Andaman","'Narkul Danga (EFA)","'ANDAMAN & NICOBAR ISLANDS",5.85,44.96
10,2014,"'North  & Middle Andaman","'Pathi Level (EFA)","'ANDAMAN & NICOBAR ISLANDS",11.55,27.1
10,2014,"'North  & Middle Andaman","'Bara Dabla (EFA)","'ANDAMAN & NICOBAR ISLANDS",3.98,26.72
10,2014,"'North  & Middle Andaman","'Hoari Bay (EFA)","'ANDAMAN & NICOBAR ISLANDS",11.65,30.79
10,2014,"'North  & Middle Andaman","'Pilone Nallaha (FDCA)","'ANDAMAN & NICOBAR ISLANDS",15.05,27.68
10,2014,"'North  & Middle Andaman","'Aam Tikry (FDCA)              ","'ANDAMAN & NICOBAR ISLANDS",24.02,31.95
10,2014,"'North  & Middle Andaman","'Ganna Dabla (EFA)","'ANDAMAN & NICOBAR ISLANDS",4.36,34.16
10,2014,"'North  & Middle Andaman","'Austin Creek (FDCA)          ","'ANDAMAN & NICOBAR ISLANDS",22.95,37.13
10,2014,"'North  & Middle Andaman","'Rahil (FDCA)","'ANDAMAN & NICOBAR ISLANDS",20.18,37.12
10,2014,"'North  & Middle Andaman","'Bamboo Nallaha (EFA)       ","'ANDAMAN & NICOBAR ISLANDS",24.87,27.21
10,2014,"'North  & Middle Andaman","'Austin IX (FC)","'ANDAMAN & NICOBAR ISLANDS",6.15,39.91
10,2014,"'North  & Middle Andaman","'Hara Tikry (EFA)","'ANDAMAN & NICOBAR ISLANDS",6.46,47.16
10,2014,"'North  & Middle Andaman","'Austin II (EFA)","'ANDAMAN & NICOBAR ISLANDS",3.26,29.83
10,2014,"'North  & Middle Andaman","'Smith (EFA)","'ANDAMAN & NICOBAR ISLANDS",7.32,40.54
10,2014,"'North  & Middle Andaman","'Smith (Timber Export Depot)","'ANDAMAN & NICOBAR ISLANDS",14.87,34.84
10,2014,"'North  & Middle Andaman","'Curlew Island (FCPA)","'ANDAMAN & NICOBAR ISLANDS",23.79,30.37
10,2014,"'North  & Middle Andaman","'Stewart Island","'ANDAMAN & NICOBAR ISLANDS",6.8,31.36
10,2014,"'North  & Middle Andaman","'Land Fall Island (Police post)","'ANDAMAN & NICOBAR ISLANDS",2.53,43.96
10,2014,"'North  & Middle Andaman","'Mayabunder","'ANDAMAN & NICOBAR ISLANDS",14.89,33.68
10,2014,"'North  & Middle Andaman","'Aves Island (RV)","'ANDAMAN & NICOBAR ISLANDS",7.43,47.47
10,2014,"'North  & Middle Andaman","'Mayabunder (RV)","'ANDAMAN & NICOBAR ISLANDS",12.72,41.13
10,2014,"'North  & Middle Andaman","'Pokadera (RV)","'ANDAMAN & NICOBAR ISLANDS",9.98,41.08
10,2014,"'North  & Middle Andaman","'Danpur (RV)","'ANDAMAN & NICOBAR ISLANDS",12.63,33.1
10,2014,"'North  & Middle Andaman","'Rampur (RV)","'ANDAMAN & NICOBAR ISLANDS",16.54,48.73
10,2014,"'North  & Middle Andaman","'Karmatang (RV)","'ANDAMAN & NICOBAR ISLANDS",21.55,29.11
10,2014,"'North  & Middle Andaman","'Lucknow (RV)","'ANDAMAN & NICOBAR ISLANDS",18.5,30.54
10,2014,"'North  & Middle Andaman","'Lataw (RV)","'ANDAMAN & NICOBAR ISLANDS",21.37,45.54
10,2014,"'North  & Middle Andaman","'Devpur (RV)","'ANDAMAN & NICOBAR ISLANDS",8.81,38.25
10,2014,"'North  & Middle Andaman","'Webi (RV)","'ANDAMAN & NICOBAR ISLANDS",9.82,41.16
10,2014,"'North  & Middle Andaman","'Pahalgaon (RV)","'ANDAMAN & NICOBAR ISLANDS",13.37,43.28
10,2014,"'North  & Middle Andaman","'Tugapur (RV)","'ANDAMAN & NICOBAR ISLANDS",10.35,37.34
10,2014,"'North  & Middle Andaman","'Hanspuri (RV) (including JPP Camps)","'ANDAMAN & NICOBAR ISLANDS",24.27,32.02
10,2014,"'North  & Middle Andaman","'Chainpur (RV)","'ANDAMAN & NICOBAR ISLANDS",19.46,26.08
10,2014,"'North  & Middle Andaman","'Pudumadurai (RV)","'ANDAMAN & NICOBAR ISLANDS",21.95,39.01
10,2014,"'North  & Middle Andaman","'Basantipur (RV)","'ANDAMAN & NICOBAR ISLANDS",23.55,46.9
10,2014,"'North  & Middle Andaman","'Profullya Nagar (RV)","'ANDAMAN & NICOBAR ISLANDS",16.32,47.05
10,2014,"'North  & Middle Andaman","'Govindpur (RV)","'ANDAMAN & NICOBAR ISLANDS",3.6,46.41
10,2014,"'North  & Middle Andaman","'Paresh Nagar (RV)","'ANDAMAN & NICOBAR ISLANDS",15.05,37.98
10,2014,"'North  & Middle Andaman","'Kamalapur (RV)","'ANDAMAN & NICOBAR ISLANDS",20.7,46.07
10,2014,"'North  & Middle Andaman","'Jaipur (RV)","'ANDAMAN & NICOBAR ISLANDS",5.88,42.01
10,2014,"'North  & Middle Andaman","'Pinakinagar (RV)","'ANDAMAN & NICOBAR ISLANDS",13.37,43.71
10,2014,"'North  & Middle Andaman","'Harinagar (RV)","'ANDAMAN & NICOBAR ISLANDS",15.97,45.55
10,2014,"'North  & Middle Andaman","'Dukennagar (RV)","'ANDAMAN & NICOBAR ISLANDS",13.01,47.8
10,2014,"'North  & Middle Andaman","'Santipur (RV)","'ANDAMAN & NICOBAR ISLANDS",18.43,46.65
10,2014,"'North  & Middle Andaman","'Swadesh Nagar (RV)","'ANDAMAN & NICOBAR ISLANDS",10.68,47.61
10,2014,"'North  & Middle Andaman","'Interview Island (WLS)","'ANDAMAN & NICOBAR ISLANDS",24.82,49.9
10,2014,"'North  & Middle Andaman","'Interview Island (PO)","'ANDAMAN & NICOBAR ISLANDS",2.86,41.04
10,2014,"'North  & Middle Andaman","'Karmatang IX (EFA)","'ANDAMAN & NICOBAR ISLANDS",8.37,27.26
10,2014,"'North  & Middle Andaman","'Karmatang X (EFA) incl.Bihari Plot (EFA)","'ANDAMAN & NICOBAR ISLANDS",12.85,28.84
10,2014,"'North  & Middle Andaman","'Paiket Bay (EFA)","'ANDAMAN & NICOBAR ISLANDS",10.16,39.13
10,2014,"'North  & Middle Andaman","'Bamboo Nallaha (EFA)","'ANDAMAN & NICOBAR ISLANDS",8.57,43.3
10,2014,"'North  & Middle Andaman","'Buddha Nallaha (EFA)","'ANDAMAN & NICOBAR ISLANDS",15.51,26.22
10,2014,"'North  & Middle Andaman","'Chuglum Gum (EFA)","'ANDAMAN & NICOBAR ISLANDS",17.9,31.56
10,2014,"'North  & Middle Andaman","'Sundari Khari (EFA)","'ANDAMAN & NICOBAR ISLANDS",13.04,29.25
10,2014,"'North  & Middle Andaman","'Karanch Khari (EFA)","'ANDAMAN & NICOBAR ISLANDS",15.62,34.56
10,2014,"'North  & Middle Andaman","'Gora Tikry (EFA)              ","'ANDAMAN & NICOBAR ISLANDS",12.44,42.31
10,2014,"'North  & Middle Andaman","'Chappa Nali (EFA)","'ANDAMAN & NICOBAR ISLANDS",24.62,37.25
10,2014,"'North  & Middle Andaman","'Khukari Tabla (EFA)","'ANDAMAN & NICOBAR ISLANDS",10.35,28.65
10,2014,"'North  & Middle Andaman","'Ganesh Nagar I & II (EFA)      ","'ANDAMAN & NICOBAR ISLANDS",15.14,37.33
10,2014,"'North  & Middle Andaman","'Ganeshpur (EFA)","'ANDAMAN & NICOBAR ISLANDS",22.83,32.27
10,2014,"'North  & Middle Andaman","'Luis-in-Let-Bay (JPPC)","'ANDAMAN & NICOBAR ISLANDS",2.09,26.52
10,2014,"'North  & Middle Andaman","'Shippi Tikry (EFA)","'ANDAMAN & NICOBAR ISLANDS",4.09,49.01
10,2014,"'North  & Middle Andaman","'Chainpur (EFA)","'ANDAMAN & NICOBAR ISLANDS",23.14,37.28
10,2014,"'North  & Middle Andaman","'Bajato (EFA & 40 acre plot)","'ANDAMAN & NICOBAR ISLANDS",18.83,49.96
10,2014,"'North  & Middle Andaman","'Asha Nagar (EFA)","'ANDAMAN & NICOBAR ISLANDS",8.39,40.5
10,2014,"'North  & Middle Andaman","'Birsa Nagar (EFA)","'ANDAMAN & NICOBAR ISLANDS",6.11,33.87
10,2014,"'North  & Middle Andaman","'Kanchi Nallaha (EFA) & Bamboo Nallaha (EFA)","'ANDAMAN & NICOBAR ISLANDS",9.89,33.16
10,2014,"'North  & Middle Andaman","'Pather Tikry (EFA)                 ","'ANDAMAN & NICOBAR ISLANDS",7.59,43.6
10,2014,"'North  & Middle Andaman","'Lauki Nallaha (EFA)","'ANDAMAN & NICOBAR ISLANDS",10.71,49.35
10,2014,"'North  & Middle Andaman","'Rangat","'ANDAMAN & NICOBAR ISLANDS",5.72,38.66
10,2014,"'North  & Middle Andaman","'Dharmapur (RV)","'ANDAMAN & NICOBAR ISLANDS",1.3,31.18
10,2014,"'North  & Middle Andaman","'Ramachandra Nagar (RV)","'ANDAMAN & NICOBAR ISLANDS",6.93,39.09
10,2014,"'North  & Middle Andaman","'Thiruvanchikulam (RV)","'ANDAMAN & NICOBAR ISLANDS",20.08,43.32
10,2014,"'North  & Middle Andaman","'Shivapuram (RV)","'ANDAMAN & NICOBAR ISLANDS",16.97,38.82
10,2014,"'North  & Middle Andaman","'Padmanabhapuram (RV)","'ANDAMAN & NICOBAR ISLANDS",17.96,28.41
10,2014,"'North  & Middle Andaman","'Panchawati (RV)","'ANDAMAN & NICOBAR ISLANDS",1.44,31.66
10,2014,"'North  & Middle Andaman","'Amkunj (RV)","'ANDAMAN & NICOBAR ISLANDS",13.58,45.41
10,2014,"'North  & Middle Andaman","'Nimbutala (RV)","'ANDAMAN & NICOBAR ISLANDS",9.97,32.79
10,2014,"'North  & Middle Andaman","'Janakpur (RV)","'ANDAMAN & NICOBAR ISLANDS",20.57,41.79
10,2014,"'North  & Middle Andaman","'Desharatpur (RV)","'ANDAMAN & NICOBAR ISLANDS",11.39,39.61
10,2014,"'North  & Middle Andaman","'Sitapur (RV)","'ANDAMAN & NICOBAR ISLANDS",15.14,37.11
10,2014,"'North  & Middle Andaman","'Mithila (RV)","'ANDAMAN & NICOBAR ISLANDS",8.82,33.16
10,2014,"'North  & Middle Andaman","'Rangat (RV)","'ANDAMAN & NICOBAR ISLANDS",5.92,44.35
10,2014,"'North  & Middle Andaman","'Rampur (RV)","'ANDAMAN & NICOBAR ISLANDS",19.51,26.38
10,2014,"'North  & Middle Andaman","'Parnasala (RV)","'ANDAMAN & NICOBAR ISLANDS",9.66,48.69
10,2014,"'North  & Middle Andaman","'Sabari (RV)","'ANDAMAN & NICOBAR ISLANDS",17.29,29.05
10,2014,"'North  & Middle Andaman","'Bharatpur (RV)","'ANDAMAN & NICOBAR ISLANDS",19.81,38.98
10,2014,"'North  & Middle Andaman","'Shyamkund (RV)","'ANDAMAN & NICOBAR ISLANDS",3.21,48.37
10,2014,"'North  & Middle Andaman","'Vishnupur (RV)","'ANDAMAN & NICOBAR ISLANDS",10.01,40.18
10,2014,"'North  & Middle Andaman","'Laxmanpur (RV)","'ANDAMAN & NICOBAR ISLANDS",10.94,40
10,2014,"'North  & Middle Andaman","'Urmilapur (RV)","'ANDAMAN & NICOBAR ISLANDS",4.13,29.99
10,2014,"'North  & Middle Andaman","'Kalsi (RV)","'ANDAMAN & NICOBAR ISLANDS",12.71,35.61
10,2014,"'North  & Middle Andaman","'Kaushalyanagar (RV)","'ANDAMAN & NICOBAR ISLANDS",11.11,28.79
10,2014,"'North  & Middle Andaman","'Saktigarh (RV)","'ANDAMAN & NICOBAR ISLANDS",19.36,41.43
10,2014,"'North  & Middle Andaman","'Bangaon (RV)","'ANDAMAN & NICOBAR ISLANDS",1.39,36.84
10,2014,"'North  & Middle Andaman","'Yeratiljig (RV)","'ANDAMAN & NICOBAR ISLANDS",9.07,36.37
10,2014,"'North  & Middle Andaman","'Kadamtala (RV)","'ANDAMAN & NICOBAR ISLANDS",13.5,29.77
10,2014,"'North  & Middle Andaman","'Santanu (RV)","'ANDAMAN & NICOBAR ISLANDS",24.38,30.04
10,2014,"'North  & Middle Andaman","'Uttara (RV)","'ANDAMAN & NICOBAR ISLANDS",24.78,28.66
10,2014,"'North  & Middle Andaman","'Long Island (RV)","'ANDAMAN & NICOBAR ISLANDS",16.81,28.33
10,2014,"'North  & Middle Andaman","'Strait Island (AS)","'ANDAMAN & NICOBAR ISLANDS",10.87,46.64
10,2014,"'North  & Middle Andaman","'Adojig (RV) (including EFA)","'ANDAMAN & NICOBAR ISLANDS",7.98,44.1
10,2014,"'North  & Middle Andaman","'Bejoygarh (RV)","'ANDAMAN & NICOBAR ISLANDS",13.11,28.08
10,2014,"'North  & Middle Andaman","'Udhaygarh (RV)","'ANDAMAN & NICOBAR ISLANDS",4.85,41.24
10,2014,"'North  & Middle Andaman","'Sundergarh (RV) (including EFA)","'ANDAMAN & NICOBAR ISLANDS",18.29,37.02
10,2014,"'North  & Middle Andaman","'Kanchangarh (RV)","'ANDAMAN & NICOBAR ISLANDS",7.75,48.45
10,2014,"'North  & Middle Andaman","'Nilambur (RV)","'ANDAMAN & NICOBAR ISLANDS",12.08,46.89
10,2014,"'North  & Middle Andaman","'Abaygarh (RV)","'ANDAMAN & NICOBAR ISLANDS",23.79,39.34
10,2014,"'North  & Middle Andaman","'Raglachang (RV)","'ANDAMAN & NICOBAR ISLANDS",2.45,36.39
10,2014,"'North  & Middle Andaman","'Nayagarh (RV)","'ANDAMAN & NICOBAR ISLANDS",15.35,44.44
10,2014,"'North  & Middle Andaman","'Rajatgarh (RV)","'ANDAMAN & NICOBAR ISLANDS",13.88,44.39
10,2014,"'North  & Middle Andaman","'Wrafter's Creek (RV)","'ANDAMAN & NICOBAR ISLANDS",3.24,45.32
10,2014,"'North  & Middle Andaman","'Khatta Khari (RV)","'ANDAMAN & NICOBAR ISLANDS",5.98,35.97
10,2014,"'North  & Middle Andaman","'Cutbert Bay (EFA)","'ANDAMAN & NICOBAR ISLANDS",3.84,46.61
10,2014,"'North  & Middle Andaman","'Thoraktang (FC)","'ANDAMAN & NICOBAR ISLANDS",8.72,33.77
10,2014,"'North  & Middle Andaman","'Dhani Nallaha (EFA)","'ANDAMAN & NICOBAR ISLANDS",4.92,29.84
10,2014,"'North  & Middle Andaman","'Sippi Tikry (EFA)","'ANDAMAN & NICOBAR ISLANDS",2.55,29.62
10,2014,"'North  & Middle Andaman","'Sukha Nallaha (EFA)","'ANDAMAN & NICOBAR ISLANDS",20.46,41.95
10,2014,"'North  & Middle Andaman","'Panchawati (EFA)","'ANDAMAN & NICOBAR ISLANDS",18.73,48.06
10,2014,"'North  & Middle Andaman","'Parnasala II (FC)","'ANDAMAN & NICOBAR ISLANDS",22.45,31.78
10,2014,"'North  & Middle Andaman","'Japan Tikri (EFA)       ","'ANDAMAN & NICOBAR ISLANDS",1.54,45.36
10,2014,"'North  & Middle Andaman","'Gol Pahar (EFA)","'ANDAMAN & NICOBAR ISLANDS",23.24,42.01
10,2014,"'North  & Middle Andaman","'Kalsi (JPPC)","'ANDAMAN & NICOBAR ISLANDS",9.53,40.75
10,2014,"'North  & Middle Andaman","'Sagwan Nallaha (FC)","'ANDAMAN & NICOBAR ISLANDS",4.58,28.61
10,2014,"'North  & Middle Andaman","'Kalsi No. 6 (JPPC)","'ANDAMAN & NICOBAR ISLANDS",20.64,45.13
10,2014,"'North  & Middle Andaman","'Kalsi No. 4 (JPPC)","'ANDAMAN & NICOBAR ISLANDS",9.22,46.53
10,2014,"'North  & Middle Andaman","'Kalsi No. 3 (JPPC)","'ANDAMAN & NICOBAR ISLANDS",17.77,34
10,2014,"'North  & Middle Andaman","'Charlungta (FC)","'ANDAMAN & NICOBAR ISLANDS",5.64,48.81
10,2014,"'North  & Middle Andaman","'Charlungta II (FC)","'ANDAMAN & NICOBAR ISLANDS",18.17,38.43
10,2014,"'North  & Middle Andaman","'Boroinyol II (FC)","'ANDAMAN & NICOBAR ISLANDS",9.03,33.25
10,2014,"'North  & Middle Andaman","'Porlobjig No. 15 (FC, APWDC & JPPC)","'ANDAMAN & NICOBAR ISLANDS",13.38,34.72
10,2014,"'North  & Middle Andaman","'Dhani Nallaha (JA)","'ANDAMAN & NICOBAR ISLANDS",8.46,26.76
10,2014,"'North  & Middle Andaman","'Porlobjig No.10 (FC & JPPC)      ","'ANDAMAN & NICOBAR ISLANDS",8.53,40.68
10,2014,"'North  & Middle Andaman","'Porlobjig No.9 (JPPC)","'ANDAMAN & NICOBAR ISLANDS",9.55,43.85
10,2014,"'North  & Middle Andaman","'Yeratiljig No. 9 (JPPC)","'ANDAMAN & NICOBAR ISLANDS",11.17,34.84
10,2014,"'North  & Middle Andaman","'Yeratiljig No. 11 (JPPC)","'ANDAMAN & NICOBAR ISLANDS",10.64,45.03
10,2014,"'North  & Middle Andaman","'Macarthy Valley (EFA)","'ANDAMAN & NICOBAR ISLANDS",1.53,38.16
10,2014,"'North  & Middle Andaman","'Boreham Valley (FS)           ","'ANDAMAN & NICOBAR ISLANDS",16.64,41.94
10,2014,"'North  & Middle Andaman","'Foster Valley (EFA)","'ANDAMAN & NICOBAR ISLANDS",10.46,40.67
10,2014,"'North  & Middle Andaman","'Jermyvalley(FS)","'ANDAMAN & NICOBAR ISLANDS",13.16,44.7
10,2014,"'North  & Middle Andaman","'Porlobjig No. 3 (JPPC, APWDC & ANIFPDC)","'ANDAMAN & NICOBAR ISLANDS",23.65,34.94
10,2014,"'North  & Middle Andaman","'Bamboo Tikry (JPPC)","'ANDAMAN & NICOBAR ISLANDS",12.44,33.97
10,2014,"'North  & Middle Andaman","'Yeratiljig No. 10 (JPPC)","'ANDAMAN & NICOBAR ISLANDS",14.89,49.63
10,2014,"'North  & Middle Andaman","'Foul Bay (JA)","'ANDAMAN & NICOBAR ISLANDS",19.62,45.24
10,2014,"'North  & Middle Andaman","'Lakra Lungta (JA)","'ANDAMAN & NICOBAR ISLANDS",23.32,48.32
10,2014,"'North  & Middle Andaman","'Between Chotaligbang and Foul Bay (JA) ","'ANDAMAN & NICOBAR ISLANDS",3.17,43.26
10,2014,"'North  & Middle Andaman","'Chotaligbang (JA)                 ","'ANDAMAN & NICOBAR ISLANDS",5.17,41.94
10,2014,"'North  & Middle Andaman","'Porlob Depot. (FC)               ","'ANDAMAN & NICOBAR ISLANDS",6.08,43.94
10,2014,"'North  & Middle Andaman","'Lalajig Bay (AC)","'ANDAMAN & NICOBAR ISLANDS",10.86,49.37
10,2014,"'North  & Middle Andaman","'Merk Bay (AC)","'ANDAMAN & NICOBAR ISLANDS",17.75,35.64
10,2014,"'North  & Middle Andaman","'Elephenstone Harbour (FC)","'ANDAMAN & NICOBAR ISLANDS",20.2,36.31
10,2014,"'North  & Middle Andaman","'Pawajig (FC)","'ANDAMAN & NICOBAR ISLANDS",15.44,46.63
10,2014,"'North  & Middle Andaman","'Pawajig & Nayadera (FC)","'ANDAMAN & NICOBAR ISLANDS",12.27,41.91
10,2014,"'North  & Middle Andaman","'Lorrojig (FC) & Vishnu Nallaha (APWDC)","'ANDAMAN & NICOBAR ISLANDS",16.61,44.69
10,2014,"'North  & Middle Andaman","'Sastri Nallah (FC)                ","'ANDAMAN & NICOBAR ISLANDS",6.85,29.24
10,2014,"'North  & Middle Andaman","'Papita Dera (FC)","'ANDAMAN & NICOBAR ISLANDS",10.25,38.18
10,2014,"'North  & Middle Andaman","'Sanker Nallaha (PWDC)","'ANDAMAN & NICOBAR ISLANDS",18.87,40.67
10,2014,"'North  & Middle Andaman","'Bolcha (EFA)","'ANDAMAN & NICOBAR ISLANDS",1.49,29.67
10,2014,"'North  & Middle Andaman","'Nilambur (EFA)","'ANDAMAN & NICOBAR ISLANDS",1.26,34.23
10,2014,"'North  & Middle Andaman","'South Creek (EFA, FC & APWDC)","'ANDAMAN & NICOBAR ISLANDS",21.31,29.05
10,2014,"'North  & Middle Andaman","'Middle Strait (JPPC)","'ANDAMAN & NICOBAR ISLANDS",15.14,35.84
10,2014,"'North  & Middle Andaman","'Raglachang (Nayadera) (FC)","'ANDAMAN & NICOBAR ISLANDS",20.26,30.77
10,2014,"'North  & Middle Andaman","'Rajatgarh (EFA)","'ANDAMAN & NICOBAR ISLANDS",18.91,41.91
10,2014,"'North  & Middle Andaman","'Wrafter's Creek (EFA)","'ANDAMAN & NICOBAR ISLANDS",19.09,32.53
10,2014,"'North  & Middle Andaman","'Khatta Khari (EFA)","'ANDAMAN & NICOBAR ISLANDS",4.77,34.59
10,2014,"'North  & Middle Andaman","'Spike Island (JA)","'ANDAMAN & NICOBAR ISLANDS",1.02,43.53
10,2014,"'North  & Middle Andaman","'Bakultala (CT)","'ANDAMAN & NICOBAR ISLANDS",17.04,47.6
10,2014,"'South Andaman","'South Andaman","'ANDAMAN & NICOBAR ISLANDS",4.3,27.03
10,2014,"'South Andaman","'Ferrargunj","'ANDAMAN & NICOBAR ISLANDS",2.93,27.37
10,2014,"'South Andaman","'Shoal Bay (RV)","'ANDAMAN & NICOBAR ISLANDS",20.67,39.27
10,2014,"'South Andaman","'Jirkatang No. 2 (RV)","'ANDAMAN & NICOBAR ISLANDS",15.28,46.58
10,2014,"'South Andaman","'Kalatang (RV)","'ANDAMAN & NICOBAR ISLANDS",3.53,26.03
10,2014,"'South Andaman","'Wright Myo (RV)","'ANDAMAN & NICOBAR ISLANDS",17.64,27.79
10,2014,"'South Andaman","'Madhuban (RV)","'ANDAMAN & NICOBAR ISLANDS",1.79,44.69
10,2014,"'South Andaman","'Malapuram (RV)","'ANDAMAN & NICOBAR ISLANDS",12.5,26.53
10,2014,"'South Andaman","'Mannarghat (RV)","'ANDAMAN & NICOBAR ISLANDS",7.05,32.8
10,2014,"'South Andaman","'Mile Tilek (RV) & Mile Tilek (EFA)","'ANDAMAN & NICOBAR ISLANDS",17.43,45.98
10,2014,"'South Andaman","'Alipur (RV)","'ANDAMAN & NICOBAR ISLANDS",16.76,35.15
10,2014,"'South Andaman","'Wimberlygunj (RV)","'ANDAMAN & NICOBAR ISLANDS",24.47,44.84
10,2014,"'South Andaman","'Mount Harriet (RV)","'ANDAMAN & NICOBAR ISLANDS",18.59,46.76
10,2014,"'South Andaman","'Stewartgunj (RV)","'ANDAMAN & NICOBAR ISLANDS",8.83,30.23
10,2014,"'South Andaman","'Govindapuram (RV)","'ANDAMAN & NICOBAR ISLANDS",24.73,28.73
10,2014,"'South Andaman","'Knapuram (RV)","'ANDAMAN & NICOBAR ISLANDS",15.75,35.83
10,2014,"'South Andaman","'Mathura (RV)","'ANDAMAN & NICOBAR ISLANDS",1.41,38.26
10,2014,"'South Andaman","'Temple Myo (RV)","'ANDAMAN & NICOBAR ISLANDS",8.96,45.29
10,2014,"'South Andaman","'Tirur (RV)","'ANDAMAN & NICOBAR ISLANDS",11.5,44.78
10,2014,"'South Andaman","'Herbertabad (RV)","'ANDAMAN & NICOBAR ISLANDS",9.42,32.89
10,2014,"'South Andaman","'Ferrargunj (RV)","'ANDAMAN & NICOBAR ISLANDS",5.12,49.92
10,2014,"'South Andaman","'Bindraban (RV)","'ANDAMAN & NICOBAR ISLANDS",13.09,30.07
10,2014,"'South Andaman","'Kadakachang (RV)","'ANDAMAN & NICOBAR ISLANDS",20.29,37.72
10,2014,"'South Andaman","'Hope Town (RV)","'ANDAMAN & NICOBAR ISLANDS",5.05,48.46
10,2014,"'South Andaman","'North Bay (RV)","'ANDAMAN & NICOBAR ISLANDS",19.26,33.79
10,2014,"'South Andaman","'Shore Point (RV)","'ANDAMAN & NICOBAR ISLANDS",15.05,45.56
10,2014,"'South Andaman","'Aniket (RV)","'ANDAMAN & NICOBAR ISLANDS",7.66,38.8
10,2014,"'South Andaman","'Caddlegunj (RV) (incl. Sona Pahar & Hazari Bagh (J","'ANDAMAN & NICOBAR ISLANDS",16.2,36.03
10,2014,"'South Andaman","'Namunaghar (RV)","'ANDAMAN & NICOBAR ISLANDS",7.33,27.72
10,2014,"'South Andaman","'Dundas Point (RV)","'ANDAMAN & NICOBAR ISLANDS",18.73,44.79
10,2014,"'South Andaman","'Mithakhari (RV)","'ANDAMAN & NICOBAR ISLANDS",23.97,29.02
10,2014,"'South Andaman","'Tusnabad (RV)","'ANDAMAN & NICOBAR ISLANDS",4.09,47.42
10,2014,"'South Andaman","'Colinpur (RV)","'ANDAMAN & NICOBAR ISLANDS",17.23,26.54
10,2014,"'South Andaman","'Manpur (RV)","'ANDAMAN & NICOBAR ISLANDS",14.93,32.82
10,2014,"'South Andaman","'Mohwa Dera (RV)","'ANDAMAN & NICOBAR ISLANDS",14.73,28.06
10,2014,"'South Andaman","'Hobdipur (RV)","'ANDAMAN & NICOBAR ISLANDS",7.3,37.72
10,2014,"'South Andaman","'Ograbraij (RV)","'ANDAMAN & NICOBAR ISLANDS",19.03,29.82
10,2014,"'South Andaman","'Muslim Basti (RV)","'ANDAMAN & NICOBAR ISLANDS",3.23,38.59
10,2014,"'South Andaman","'Port Mouat (RV)","'ANDAMAN & NICOBAR ISLANDS",9.49,40.26
10,2014,"'South Andaman","'Balughat (RV)","'ANDAMAN & NICOBAR ISLANDS",18.09,38.26
10,2014,"'South Andaman","'Badmash Pahar (RV)","'ANDAMAN & NICOBAR ISLANDS",8.82,37.01
10,2014,"'South Andaman","'Craikabad (RV)","'ANDAMAN & NICOBAR ISLANDS",21.52,29.71
10,2014,"'South Andaman","'Chouldari (RV)","'ANDAMAN & NICOBAR ISLANDS",10.88,32.95
10,2014,"'South Andaman","'Dhanikhari (RV)","'ANDAMAN & NICOBAR ISLANDS",12.49,39.41
10,2014,"'South Andaman","'Homfreygunj (RV)","'ANDAMAN & NICOBAR ISLANDS",2.41,37.7
10,2014,"'South Andaman","'Maymyo (RV)","'ANDAMAN & NICOBAR ISLANDS",20.56,28.44
10,2014,"'South Andaman","'Wandur (RV)","'ANDAMAN & NICOBAR ISLANDS",18.1,34.8
10,2014,"'South Andaman","'Hashmatabad (RV)","'ANDAMAN & NICOBAR ISLANDS",8.49,41.27
10,2014,"'South Andaman","'Manglutan (RV)","'ANDAMAN & NICOBAR ISLANDS",11.43,30.5
10,2014,"'South Andaman","'Nayashahar (RV)","'ANDAMAN & NICOBAR ISLANDS",8.73,44.38
10,2014,"'South Andaman","'Guptapara (RV)","'ANDAMAN & NICOBAR ISLANDS",9.49,37.37
10,2014,"'South Andaman","'Manjeri (RV) & Line Dera (FC)","'ANDAMAN & NICOBAR ISLANDS",5.47,39.41
10,2014,"'South Andaman","'Viper Island (RV)","'ANDAMAN & NICOBAR ISLANDS",18.01,34.4
10,2014,"'South Andaman","'Flat Bay (RV)","'ANDAMAN & NICOBAR ISLANDS",2.45,47.06
10,2014,"'South Andaman","'Middle Strait (JPPC)","'ANDAMAN & NICOBAR ISLANDS",16.89,37.5
10,2014,"'South Andaman","'Potatang (FC)                  ","'ANDAMAN & NICOBAR ISLANDS",9.16,40.04
10,2014,"'South Andaman","'Between Middle Strait (JPPC) & Jirkatang (JA) ","'ANDAMAN & NICOBAR ISLANDS",10.19,35.71
10,2014,"'South Andaman","'Shoal Bay 17 (FC)          ","'ANDAMAN & NICOBAR ISLANDS",7.43,27.85
10,2014,"'South Andaman","'Shoal Bay 19 (FC)          ","'ANDAMAN & NICOBAR ISLANDS",2.33,29.01
10,2014,"'South Andaman","'Mrichi Dera (EFA)            ","'ANDAMAN & NICOBAR ISLANDS",23.43,27.54
10,2014,"'South Andaman","'Jirkatang Camp No. 7 (FC)     ","'ANDAMAN & NICOBAR ISLANDS",12.98,31.03
10,2014,"'South Andaman","'Jirkatang No.2 (EFA)","'ANDAMAN & NICOBAR ISLANDS",2.46,33.82
10,2014,"'South Andaman","'Coffee Plot ","'ANDAMAN & NICOBAR ISLANDS",21.47,33.59
10,2014,"'South Andaman","'Mile Tilek  (JPPC)","'ANDAMAN & NICOBAR ISLANDS",21.97,29.96
10,2014,"'South Andaman","'Mile Tilek (ARF)","'ANDAMAN & NICOBAR ISLANDS",21.82,31.52
10,2014,"'South Andaman","'Tirur (JPPC)                  ","'ANDAMAN & NICOBAR ISLANDS",6.89,26.96
10,2014,"'South Andaman","'Jhinga Nallaha (JPPC & APWDC)","'ANDAMAN & NICOBAR ISLANDS",7.53,37.57
10,2014,"'South Andaman","'Beach Dera (EFA)","'ANDAMAN & NICOBAR ISLANDS",21.03,29.32
10,2014,"'South Andaman","'Tirur I (JPPC)","'ANDAMAN & NICOBAR ISLANDS",10.19,39.15
10,2014,"'South Andaman","'Anjali Nallaha (JPPC)            ","'ANDAMAN & NICOBAR ISLANDS",21.76,44.01
10,2014,"'South Andaman","'Tirur IV (JPPC)                     ","'ANDAMAN & NICOBAR ISLANDS",21.93,27.32
10,2014,"'South Andaman","'Tirur (JA)","'ANDAMAN & NICOBAR ISLANDS",3.38,49.97
10,2014,"'South Andaman","'Lohabarrack (WLS)            ","'ANDAMAN & NICOBAR ISLANDS",7.5,48.21
10,2014,"'South Andaman","'Maymyo (EFA)","'ANDAMAN & NICOBAR ISLANDS",8.46,35.73
10,2014,"'South Andaman","'Hashmatabad (EFA)","'ANDAMAN & NICOBAR ISLANDS",23.78,27.02
10,2014,"'South Andaman","'Manglutan (EFA)","'ANDAMAN & NICOBAR ISLANDS",17.47,32.91
10,2014,"'South Andaman","'Nayashahar (EFA)","'ANDAMAN & NICOBAR ISLANDS",22.84,31.9
10,2014,"'South Andaman","'Pongi Balu (FC) & Bada Balu (EFA)","'ANDAMAN & NICOBAR ISLANDS",5.23,43.69
10,2014,"'South Andaman","'Bambooflat (CT)","'ANDAMAN & NICOBAR ISLANDS",16.84,48.75
10,2014,"'South Andaman","'Port Blair","'ANDAMAN & NICOBAR ISLANDS",8.49,28.83
10,2014,"'South Andaman","'Govinda Nagar (RV)","'ANDAMAN & NICOBAR ISLANDS",21.92,26.22
10,2014,"'South Andaman","'Bejoy Nagar (RV)","'ANDAMAN & NICOBAR ISLANDS",16.05,31.16
10,2014,"'South Andaman","'Shyam Nagar (RV)","'ANDAMAN & NICOBAR ISLANDS",5.66,27.1
10,2014,"'South Andaman","'Krishna Nagar (RV)","'ANDAMAN & NICOBAR ISLANDS",5.02,48.06
10,2014,"'South Andaman","'Radha Nagar (RV)","'ANDAMAN & NICOBAR ISLANDS",23.52,34.41
10,2014,"'South Andaman","'Sitapur (RV)","'ANDAMAN & NICOBAR ISLANDS",15.76,38.91
10,2014,"'South Andaman","'Bharatpur (RV)","'ANDAMAN & NICOBAR ISLANDS",2.01,40.33
10,2014,"'South Andaman","'Neil Kendra (RV)","'ANDAMAN & NICOBAR ISLANDS",8.15,38.93
10,2014,"'South Andaman","'Lakshmanpur (RV)","'ANDAMAN & NICOBAR ISLANDS",23.71,48.76
10,2014,"'South Andaman","'Ram Nagar (RV)","'ANDAMAN & NICOBAR ISLANDS",6.82,29.85
10,2014,"'South Andaman","'Pahargaon part (RV)","'ANDAMAN & NICOBAR ISLANDS",9.07,47.82
10,2014,"'South Andaman","'School Line part (RV)","'ANDAMAN & NICOBAR ISLANDS",8.04,48.56
10,2014,"'South Andaman","'Dollygunj (RV)","'ANDAMAN & NICOBAR ISLANDS",10.32,37.42
10,2014,"'South Andaman","'Minnie Bay part (RV)","'ANDAMAN & NICOBAR ISLANDS",24.53,36.34
10,2014,"'South Andaman","'Brookshabad part (RV)","'ANDAMAN & NICOBAR ISLANDS",10.5,35.55
10,2014,"'South Andaman","'Brichgunj (RV)","'ANDAMAN & NICOBAR ISLANDS",7.47,41.05
10,2014,"'South Andaman","'Teylorabad (RV)","'ANDAMAN & NICOBAR ISLANDS",17.59,28.27
10,2014,"'South Andaman","'Sippighat (RV)","'ANDAMAN & NICOBAR ISLANDS",19.96,31.49
10,2014,"'South Andaman","'Bimilitan (RV) & Kodiyaghat","'ANDAMAN & NICOBAR ISLANDS",5.59,32.49
10,2014,"'South Andaman","'Calicut (RV)","'ANDAMAN & NICOBAR ISLANDS",17.01,41.9
10,2014,"'South Andaman","'Beadnabad (RV)","'ANDAMAN & NICOBAR ISLANDS",4.06,45.17
10,2014,"'South Andaman","'Rangachang (RV)","'ANDAMAN & NICOBAR ISLANDS",21.79,35.65
10,2014,"'South Andaman","'Chidiyatapu (RV)","'ANDAMAN & NICOBAR ISLANDS",9.12,49.69
10,2014,"'South Andaman","'Rutland (RV)","'ANDAMAN & NICOBAR ISLANDS",4.78,40.15
10,2014,"'South Andaman","'John Lawrance (FC)","'ANDAMAN & NICOBAR ISLANDS",16.99,36.09
10,2014,"'South Andaman","'Bada Nallaha/Bada Balu (EFA)","'ANDAMAN & NICOBAR ISLANDS",9.1,35.93
10,2014,"'South Andaman","'Chidiyatapu (WLS)","'ANDAMAN & NICOBAR ISLANDS",18.74,31.32
10,2014,"'South Andaman","'Munda Pahar (EFA)","'ANDAMAN & NICOBAR ISLANDS",24.71,38.15
10,2014,"'South Andaman","'R.M.Point (FC)","'ANDAMAN & NICOBAR ISLANDS",11.62,44.16
10,2014,"'South Andaman","'Bamboo Nallaha(EFA) incl. Kichad Nallaha(EFA)","'ANDAMAN & NICOBAR ISLANDS",21.36,38.26
10,2014,"'South Andaman","'Bada Khari (FC)","'ANDAMAN & NICOBAR ISLANDS",6.03,46.7
10,2014,"'South Andaman","'North Sentinel Island (SA)","'ANDAMAN & NICOBAR ISLANDS",6.38,43.15
10,2014,"'South Andaman","'Cinque Island (WLS)             ","'ANDAMAN & NICOBAR ISLANDS",17.57,45.7
10,2014,"'South Andaman","'Prothrapur (CT)","'ANDAMAN & NICOBAR ISLANDS",1.05,35.73
10,2014,"'South Andaman","'Garacharma (CT)","'ANDAMAN & NICOBAR ISLANDS",11.43,34.58
10,2014,"'South Andaman","'Little Andaman","'ANDAMAN & NICOBAR ISLANDS",17.46,39.47
10,2014,"'South Andaman","'Dugong Creek (OS)","'ANDAMAN & NICOBAR ISLANDS",11.29,31.51
10,2014,"'South Andaman","'Vivekanandapuram (RV)","'ANDAMAN & NICOBAR ISLANDS",1.33,42.97
10,2014,"'South Andaman","'Rabindra Nagar (RV)","'ANDAMAN & NICOBAR ISLANDS",20.87,42.34
10,2014,"'South Andaman","'Ramakrishnapur (RV)","'ANDAMAN & NICOBAR ISLANDS",16.46,30.18
10,2014,"'South Andaman","'Netaji Nagar (RV)","'ANDAMAN & NICOBAR ISLANDS",18.86,36.23
10,2014,"'South Andaman","'M/s Asia & Company (Asia Timber Product)","'ANDAMAN & NICOBAR ISLANDS",24.17,44.43
10,2014,"'South Andaman","'Hut Bay (RV)","'ANDAMAN & NICOBAR ISLANDS",10.18,42.29
10,2014,"'South Andaman","'Harmender Bay (NS)","'ANDAMAN & NICOBAR ISLANDS",14.49,32.05
10,2014,"'South Andaman","'South Bay (Light House Camp)","'ANDAMAN & NICOBAR ISLANDS",24.45,26.74
10,2014,"'South Andaman","'South Bay (OS)","'ANDAMAN & NICOBAR ISLANDS",7.01,32.34
10,2014,"'South Andaman","'Forest Camp at 19 km. (FDCA)","'ANDAMAN & NICOBAR ISLANDS",12.09,31.29
10,2014,"'South Andaman","'Forest Camp at 14 km. 5-III (FDCA)","'ANDAMAN & NICOBAR ISLANDS",15.51,37.93
10,2014,"'South Andaman","'Forest Camp at 14 km. 5-II (FDCA)","'ANDAMAN & NICOBAR ISLANDS",20.89,35.95
10,2014,"'South Andaman","'Forest Camp at 14 Km 5 - I (FDCA)       ","'ANDAMAN & NICOBAR ISLANDS",10.67,44.62
10,2014,"'South Andaman","'Butler Bay Forest Camp 4-III (FDCA)","'ANDAMAN & NICOBAR ISLANDS",7.04,37.89
10,2014,"'South Andaman","'Butler Bay Forest Camp 4-IV (FDCA)","'ANDAMAN & NICOBAR ISLANDS",22.77,49.18
10,2014,"'South Andaman","'Red Oil Palm (Nursery Camp)","'ANDAMAN & NICOBAR ISLANDS",24.43,27.66
10,2014,"'South Andaman","'Butler Bay Forest Camp 4-II (FDCA)","'ANDAMAN & NICOBAR ISLANDS",20.02,41.31
10,2014,"'South Andaman","'Butler Bay Forest Camp 4-I (FDCA)","'ANDAMAN & NICOBAR ISLANDS",21,43.13
10,2014,"'MADHYA PRADESH","'MADHYA PRADESH","'MADHYA PRADESH",10.52,27.03
10,2014,"'Sheopur ","'Sheopur ","'MADHYA PRADESH",12.87,48.31
10,2014,"'Sheopur ","'Vijaypur","'MADHYA PRADESH",6.66,49.21
10,2014,"'Sheopur ","'Arrod","'MADHYA PRADESH",10.61,32.65
10,2014,"'Sheopur ","'Imalia","'MADHYA PRADESH",12.02,48.81
10,2014,"'Sheopur ","'Jhar Baroda","'MADHYA PRADESH",16.51,38.85
10,2014,"'Sheopur ","'Ransinghpura","'MADHYA PRADESH",20.17,43.18
10,2014,"'Sheopur ","'Kishanpura","'MADHYA PRADESH",20.67,27.18
10,2014,"'Sheopur ","'Hullpur","'MADHYA PRADESH",17.8,43.84
10,2014,"'Sheopur ","'Barkheda","'MADHYA PRADESH",23.59,31.9
10,2014,"'Sheopur ","'Lahosghani","'MADHYA PRADESH",10.64,45.82
10,2014,"'Sheopur ","'Khitarpal","'MADHYA PRADESH",3.32,42.44
10,2014,"'Sheopur ","'Ladpura","'MADHYA PRADESH",1.56,27.65
10,2014,"'Sheopur ","'Bhainsai","'MADHYA PRADESH",2.9,46.52
10,2014,"'Sheopur ","'Garhi","'MADHYA PRADESH",21.27,43.63
10,2014,"'Sheopur ","'Upcha","'MADHYA PRADESH",23.5,39.81
10,2014,"'Sheopur ","'Madha","'MADHYA PRADESH",24.61,47.92
10,2014,"'Sheopur ","'Ahiri","'MADHYA PRADESH",8.04,44.78
10,2014,"'Sheopur ","'Itawai","'MADHYA PRADESH",10.35,46.21
10,2014,"'Sheopur ","'Ranawad","'MADHYA PRADESH",10.08,48.35
10,2014,"'Sheopur ","'Gohara","'MADHYA PRADESH",24.27,27.34
10,2014,"'Sheopur ","'Bharkhoh","'MADHYA PRADESH",8.57,26.56
10,2014,"'Sheopur ","'Andhupura","'MADHYA PRADESH",19.19,44.16
10,2014,"'Sheopur ","'Sunwai","'MADHYA PRADESH",12.93,44.42
10,2014,"'Sheopur ","'Bagrod","'MADHYA PRADESH",13.7,42.78
10,2014,"'Sheopur ","'Dongarpur (Vijaypur)","'MADHYA PRADESH",21.09,46.59
10,2014,"'Sheopur ","'Dord","'MADHYA PRADESH",1.52,38.84
10,2014,"'Sheopur ","'Bardula","'MADHYA PRADESH",20.91,40.03
10,2014,"'Sheopur ","'Arusta","'MADHYA PRADESH",17.06,49.1
10,2014,"'Sheopur ","'Gurja","'MADHYA PRADESH",6.56,32.85
10,2014,"'Sheopur ","'Bichpuri","'MADHYA PRADESH",17.1,26.81
10,2014,"'Sheopur ","'Mewra","'MADHYA PRADESH",9.27,39.1
10,2014,"'Sheopur ","'Bara Kalan","'MADHYA PRADESH",20.99,42.1
10,2014,"'Sheopur ","'Pachnaya","'MADHYA PRADESH",15.24,36.66
10,2014,"'Sheopur ","'Gota","'MADHYA PRADESH",22.82,37.77
10,2014,"'Sheopur ","'Laxmanpura Bijepur","'MADHYA PRADESH",2.79,48.11
10,2014,"'Sheopur ","'Khurdwara","'MADHYA PRADESH",10.51,43.23
10,2014,"'Sheopur ","'Daudpur","'MADHYA PRADESH",6.33,31.04
10,2014,"'Sheopur ","'Gopalpura","'MADHYA PRADESH",9.23,28.37
10,2014,"'Sheopur ","'Jaipura","'MADHYA PRADESH",24.71,42.81
10,2014,"'Sheopur ","'Medawali","'MADHYA PRADESH",4.43,34.91
10,2014,"'Sheopur ","'Chandeli","'MADHYA PRADESH",14.55,49.44
10,2014,"'Sheopur ","'Parwati Baroda","'MADHYA PRADESH",11.99,31.02
10,2014,"'Sheopur ","'Aroda","'MADHYA PRADESH",22.09,45.67
10,2014,"'Sheopur ","'Benipura","'MADHYA PRADESH",15.5,45.88
10,2014,"'Sheopur ","'Chhapar","'MADHYA PRADESH",13.73,35.41
10,2014,"'Sheopur ","'Dhamini","'MADHYA PRADESH",23.33,33.01
10,2014,"'Sheopur ","'Piparwas","'MADHYA PRADESH",11.88,38.97
10,2014,"'Sheopur ","'Shahpur Khurd","'MADHYA PRADESH",3.04,47.95
10,2014,"'Sheopur ","'Chentikheda","'MADHYA PRADESH",2.43,26.47
10,2014,"'Sheopur ","'Agara","'MADHYA PRADESH",20.12,31.19
10,2014,"'Sheopur ","'Umari Khurd","'MADHYA PRADESH",3.17,42.61
10,2014,"'Sheopur ","'Ghorade","'MADHYA PRADESH",15.26,43.92
10,2014,"'Sheopur ","'Dehari","'MADHYA PRADESH",12.65,26.5
10,2014,"'Sheopur ","'Umari Kalan","'MADHYA PRADESH",7.28,38.6
10,2014,"'Sheopur ","'Dodai Kalan","'MADHYA PRADESH",8.09,32.79
10,2014,"'Sheopur ","'Bamanwas","'MADHYA PRADESH",11.68,35.24
10,2014,"'Sheopur ","'Dodai Khurd","'MADHYA PRADESH",7.48,27.93
10,2014,"'Sheopur ","'Khadera","'MADHYA PRADESH",10.2,44.69
10,2014,"'Sheopur ","'Khadi No.1","'MADHYA PRADESH",24.44,31.88
10,2014,"'Sheopur ","'Nad","'MADHYA PRADESH",11.54,45.44
10,2014,"'Sheopur ","'Dhamani","'MADHYA PRADESH",12.38,49.47
10,2014,"'Sheopur ","'Surdeh","'MADHYA PRADESH",14.55,41.25
10,2014,"'Sheopur ","'Dhourera","'MADHYA PRADESH",17.58,33.27
10,2014,"'Sheopur ","'Magardeh","'MADHYA PRADESH",10.44,29.34
10,2014,"'Sheopur ","'Similiya","'MADHYA PRADESH",11.04,46.54
10,2014,"'Sheopur ","'Jhumka","'MADHYA PRADESH",16.31,49.39
10,2014,"'Sheopur ","'Baroda Kalan","'MADHYA PRADESH",4.32,48.38
10,2014,"'Sheopur ","'Nayagaon (Gaswani)","'MADHYA PRADESH",16.85,39.11
10,2014,"'Sheopur ","'Chimalwani","'MADHYA PRADESH",21.07,26.02
10,2014,"'Sheopur ","'Kamlapur","'MADHYA PRADESH",2.88,49.34
10,2014,"'Sheopur ","'Deori","'MADHYA PRADESH",4.38,29.19
10,2014,"'Sheopur ","'Badhwani","'MADHYA PRADESH",3.41,44.59
10,2014,"'Sheopur ","'Simrai","'MADHYA PRADESH",20.67,38.77
10,2014,"'Sheopur ","'Dongarpur (Gaswani)","'MADHYA PRADESH",2.1,47.24
10,2014,"'Sheopur ","'Enta","'MADHYA PRADESH",15.33,39.95
10,2014,"'Sheopur ","'Sarangpur","'MADHYA PRADESH",19.37,37.8
10,2014,"'Sheopur ","'Gaswani","'MADHYA PRADESH",17.26,38.87
10,2014,"'Sheopur ","'Mohanpur (Gaswani)","'MADHYA PRADESH",18.73,33.45
10,2014,"'Sheopur ","'Kinjari","'MADHYA PRADESH",17.19,43.12
10,2014,"'Sheopur ","'Baroda Khurd","'MADHYA PRADESH",8.53,48.92
10,2014,"'Sheopur ","'Binega","'MADHYA PRADESH",7.2,35.61
10,2014,"'Sheopur ","'Sehula","'MADHYA PRADESH",21.39,47.35
10,2014,"'Sheopur ","'Khurka","'MADHYA PRADESH",17.65,36.89
10,2014,"'Sheopur ","'Nerkheda","'MADHYA PRADESH",24.53,49.96
10,2014,"'Sheopur ","'Dhobini","'MADHYA PRADESH",3.07,28.41
10,2014,"'Sheopur ","'Kota","'MADHYA PRADESH",8.23,45.22
10,2014,"'Sheopur ","'Behata","'MADHYA PRADESH",12.77,35.61
10,2014,"'Sheopur ","'Kotari","'MADHYA PRADESH",14.41,45.33
10,2014,"'Sheopur ","'Farara","'MADHYA PRADESH",18.71,48.08
10,2014,"'Sheopur ","'Sahsram","'MADHYA PRADESH",20.89,45.37
10,2014,"'Sheopur ","'Nitanwas","'MADHYA PRADESH",6.85,40.66
10,2014,"'Sheopur ","'Seedhini","'MADHYA PRADESH",7.17,27.92
10,2014,"'Sheopur ","'Patpara","'MADHYA PRADESH",20.26,39
10,2014,"'Sheopur ","'Khurjan","'MADHYA PRADESH",6.73,48.47
10,2014,"'Sheopur ","'Budhera","'MADHYA PRADESH",1.22,39.33
10,2014,"'Sheopur ","'Aal","'MADHYA PRADESH",12.47,44.06
10,2014,"'Sheopur ","'Dudhai","'MADHYA PRADESH",14.99,41.84
10,2014,"'Sheopur ","'Gilai","'MADHYA PRADESH",3.98,36.75
10,2014,"'Sheopur ","'Silpara","'MADHYA PRADESH",24.38,31.27
10,2014,"'Sheopur ","'Dubera","'MADHYA PRADESH",15.38,45.99
10,2014,"'Sheopur ","'Bechai","'MADHYA PRADESH",9.91,48.52
10,2014,"'Sheopur ","'Kadwai","'MADHYA PRADESH",2.91,40.88
10,2014,"'Sheopur ","'Shukrawara","'MADHYA PRADESH",8.22,40.03
10,2014,"'Sheopur ","'Dulhawala","'MADHYA PRADESH",20.84,41.4
10,2014,"'Sheopur ","'Iklaud","'MADHYA PRADESH",7.76,33
10,2014,"'Sheopur ","'Kathon","'MADHYA PRADESH",22.81,26.09
10,2014,"'Sheopur ","'Gobar","'MADHYA PRADESH",9.88,31.53
10,2014,"'Sheopur ","'Ganwdi","'MADHYA PRADESH",21.15,32.56
10,2014,"'Sheopur ","'Beerpur","'MADHYA PRADESH",8,43.87
10,2014,"'Sheopur ","'Danteti","'MADHYA PRADESH",16.82,30.08
10,2014,"'Sheopur ","'Sukhwas","'MADHYA PRADESH",11.18,45.07
10,2014,"'Sheopur ","'Bhurendi","'MADHYA PRADESH",17.82,27.3
10,2014,"'Sheopur ","'Tarra Khurd","'MADHYA PRADESH",7.11,28.26
10,2014,"'Sheopur ","'Balawani","'MADHYA PRADESH",21.45,46.55
10,2014,"'Sheopur ","'Hasalpur Khurd","'MADHYA PRADESH",8.7,34.62
10,2014,"'Sheopur ","'Chandupura","'MADHYA PRADESH",11.37,43.22
10,2014,"'Sheopur ","'Dhanaycha","'MADHYA PRADESH",17.55,28.9
10,2014,"'Sheopur ","'Kotka","'MADHYA PRADESH",24.72,40.46
10,2014,"'Sheopur ","'Raipura","'MADHYA PRADESH",1.11,45.28
10,2014,"'Sheopur ","'Sankarikheda","'MADHYA PRADESH",13.04,26.35
10,2014,"'Sheopur ","'Sironi","'MADHYA PRADESH",2.12,30.35
10,2014,"'Sheopur ","'Choreka","'MADHYA PRADESH",21.99,47.16
10,2014,"'Sheopur ","'Pura","'MADHYA PRADESH",24.31,44.96
10,2014,"'Sheopur ","'Ochha","'MADHYA PRADESH",7.87,38.29
10,2014,"'Sheopur ","'Khajuri Shayapur","'MADHYA PRADESH",5.58,29.28
10,2014,"'Sheopur ","'Basona","'MADHYA PRADESH",23.33,39.16
10,2014,"'Sheopur ","'Sillipur","'MADHYA PRADESH",17.42,40.05
10,2014,"'Sheopur ","'Lonjher","'MADHYA PRADESH",18.04,35.12
10,2014,"'Sheopur ","'Silpari","'MADHYA PRADESH",14.49,39.33
10,2014,"'Sheopur ","'Todi","'MADHYA PRADESH",21.13,30.83
10,2014,"'Sheopur ","'Deopur","'MADHYA PRADESH",12.36,35.71
10,2014,"'Sheopur ","'Kheroda Kalan","'MADHYA PRADESH",2.96,47.12
10,2014,"'Sheopur ","'Kheroda Khurd","'MADHYA PRADESH",2.92,32.86
10,2014,"'Sheopur ","'Milawali","'MADHYA PRADESH",3.31,49.93
10,2014,"'Sheopur ","'Akoriya","'MADHYA PRADESH",16.1,42.38
10,2014,"'Sheopur ","'Sudhara","'MADHYA PRADESH",4.96,42.91
10,2014,"'Sheopur ","'Kinnapura","'MADHYA PRADESH",17.66,43.13
10,2014,"'Sheopur ","'Lakshamanpura (Dhodhar)","'MADHYA PRADESH",8.93,34.46
10,2014,"'Sheopur ","'Mahuamar","'MADHYA PRADESH",5.2,28.32
10,2014,"'Sheopur ","'Tarra Kalan","'MADHYA PRADESH",19.14,37.49
10,2014,"'Sheopur ","'Moreka","'MADHYA PRADESH",8.72,29.67
10,2014,"'Sheopur ","'Piprani","'MADHYA PRADESH",13.29,38.22
10,2014,"'Sheopur ","'Rijhenta","'MADHYA PRADESH",8.29,39.65
10,2014,"'Sheopur ","'Baroli","'MADHYA PRADESH",2.29,40.95
10,2014,"'Sheopur ","'Chainpur","'MADHYA PRADESH",14.41,44.19
10,2014,"'Sheopur ","'Jamurda","'MADHYA PRADESH",8.05,46.74
10,2014,"'Sheopur ","'Jamurdi","'MADHYA PRADESH",1.6,36.32
10,2014,"'Sheopur ","'Jaitpura","'MADHYA PRADESH",21.63,35.7
10,2014,"'Sheopur ","'Daulpura","'MADHYA PRADESH",17.72,42.1
10,2014,"'Sheopur ","'Parashta","'MADHYA PRADESH",16.74,34.22
10,2014,"'Sheopur ","'Kishanpura","'MADHYA PRADESH",5.05,39.83
10,2014,"'Sheopur ","'Dhori Bawadi","'MADHYA PRADESH",8.4,42.25
10,2014,"'Sheopur ","'Parwati Pura","'MADHYA PRADESH",13.91,32.68
10,2014,"'Sheopur ","'Dubawali","'MADHYA PRADESH",1.24,38.62
10,2014,"'Sheopur ","'Bhaironpura","'MADHYA PRADESH",17.79,30.41
10,2014,"'Sheopur ","'Shyampur","'MADHYA PRADESH",5.18,39.75
10,2014,"'Sheopur ","'Ghughas","'MADHYA PRADESH",19.23,31.9
10,2014,"'Sheopur ","'Jakher","'MADHYA PRADESH",13.19,31.63
10,2014,"'Sheopur ","'Telipura","'MADHYA PRADESH",2.86,33.32
10,2014,"'Sheopur ","'Chhawar","'MADHYA PRADESH",17.79,48.51
10,2014,"'Sheopur ","'Duma","'MADHYA PRADESH",9.2,38.51
10,2014,"'Sheopur ","'Bagher","'MADHYA PRADESH",24.7,44.33
10,2014,"'Sheopur ","'Nadigaon","'MADHYA PRADESH",14.15,47.48
10,2014,"'Sheopur ","'Liloli","'MADHYA PRADESH",7.14,32.7
10,2014,"'Sheopur ","'Jimarchha","'MADHYA PRADESH",17.43,28.45
10,2014,"'Sheopur ","'Gohar","'MADHYA PRADESH",7.9,43.19
10,2014,"'Sheopur ","'Sikheda","'MADHYA PRADESH",22.54,34.42
10,2014,"'Sheopur ","'Pancho","'MADHYA PRADESH",4.77,44.56
10,2014,"'Sheopur ","'Nitanwas (Bijaipur)","'MADHYA PRADESH",23.17,45.42
10,2014,"'Sheopur ","'Birpur","'MADHYA PRADESH",14.57,29.5
10,2014,"'Sheopur ","'Syarda","'MADHYA PRADESH",9.99,29.64
10,2014,"'Sheopur ","'Badagaon","'MADHYA PRADESH",2.33,49.85
10,2014,"'Sheopur ","'Harkui","'MADHYA PRADESH",24.6,32.76
10,2014,"'Sheopur ","'Lalaiyapura","'MADHYA PRADESH",6.93,39.98
10,2014,"'Sheopur ","'Amarpura","'MADHYA PRADESH",8.05,48.05
10,2014,"'Sheopur ","'Mehtoni","'MADHYA PRADESH",1.75,37.12
10,2014,"'Sheopur ","'Kurawali","'MADHYA PRADESH",22.53,32.38
10,2014,"'Sheopur ","'Jahangarh","'MADHYA PRADESH",5.5,49.79
10,2014,"'Sheopur ","'Akoda","'MADHYA PRADESH",20.98,33.76
10,2014,"'Sheopur ","'Basera","'MADHYA PRADESH",19.31,42.61
10,2014,"'Sheopur ","'Paraser","'MADHYA PRADESH",20.6,49.21
10,2014,"'Sheopur ","'Nimach","'MADHYA PRADESH",7.1,27.47
10,2014,"'Sheopur ","'Arrodari","'MADHYA PRADESH",3.39,48.86
10,2014,"'Sheopur ","'Hirapura","'MADHYA PRADESH",10.45,37.49
10,2014,"'Sheopur ","'Udotpura","'MADHYA PRADESH",24.2,35.9
10,2014,"'Sheopur ","'Sumrera","'MADHYA PRADESH",11.56,37.14
10,2014,"'Sheopur ","'Raghunathpur","'MADHYA PRADESH",21.22,40.05
10,2014,"'Sheopur ","'Dongarpur (Dhodhar)","'MADHYA PRADESH",24.22,39.73
10,2014,"'Sheopur ","'Rawatpura","'MADHYA PRADESH",14.53,37.28
10,2014,"'Sheopur ","'Bhampura","'MADHYA PRADESH",7.86,43.13
10,2014,"'Sheopur ","'Ghamloki","'MADHYA PRADESH",12.31,27.6
10,2014,"'Sheopur ","'Mohanpur (Dhodhar)","'MADHYA PRADESH",8.55,28.39
10,2014,"'Sheopur ","'Bagcha","'MADHYA PRADESH",5.96,32.4
10,2014,"'Sheopur ","'Khadi No. 2","'MADHYA PRADESH",14.27,39.21
10,2014,"'Sheopur ","'Dokarka","'MADHYA PRADESH",6.71,48.33
10,2014,"'Sheopur ","'Kaswani","'MADHYA PRADESH",18.05,44.31
10,2014,"'Sheopur ","'Baronia","'MADHYA PRADESH",24.5,46.13
10,2014,"'Sheopur ","'Ekdori","'MADHYA PRADESH",19,42.63
10,2014,"'Sheopur ","'Gurjenia","'MADHYA PRADESH",6.47,40.57
10,2014,"'Sheopur ","'Piparwa","'MADHYA PRADESH",5.63,44.55
10,2014,"'Sheopur ","'Sheopur","'MADHYA PRADESH",19.13,34.5
10,2014,"'Sheopur ","'Khirkhiri","'MADHYA PRADESH",22.85,48.67
10,2014,"'Sheopur ","'Biloni","'MADHYA PRADESH",14.94,39.2
10,2014,"'Sheopur ","'Khojipura","'MADHYA PRADESH",14.68,36.69
10,2014,"'Sheopur ","'Padampura","'MADHYA PRADESH",3.43,37.76
10,2014,"'Sheopur ","'Dhodar","'MADHYA PRADESH",6.93,46.14
10,2014,"'Sheopur ","'Bagdari","'MADHYA PRADESH",21.47,41.33
10,2014,"'Sheopur ","'Makrod","'MADHYA PRADESH",9.92,44.37
10,2014,"'Sheopur ","'Bagdiya","'MADHYA PRADESH",1.92,48.69
10,2014,"'Sheopur ","'Hansalpur","'MADHYA PRADESH",6.01,39.41
10,2014,"'Sheopur ","'Kashipur","'MADHYA PRADESH",1.19,33.44
10,2014,"'Sheopur ","'Dhiroli","'MADHYA PRADESH",15.58,34.14
10,2014,"'Sheopur ","'Kyarpura","'MADHYA PRADESH",5.51,27.3
10,2014,"'Sheopur ","'Semalda","'MADHYA PRADESH",9.03,38.73
10,2014,"'Sheopur ","'Phoolda","'MADHYA PRADESH",23.49,38.35
10,2014,"'Sheopur ","'Nasirpur","'MADHYA PRADESH",17.84,31.64
10,2014,"'Sheopur ","'Gudhata(Manpur)","'MADHYA PRADESH",9.09,41.2
10,2014,"'Sheopur ","'Saroda","'MADHYA PRADESH",9.23,44.86
10,2014,"'Sheopur ","'Bahrawada","'MADHYA PRADESH",5.01,34.4
10,2014,"'Sheopur ","'Sewapur","'MADHYA PRADESH",17.15,28.74
10,2014,"'Sheopur ","'Sirsod","'MADHYA PRADESH",21.59,26.72
10,2014,"'Sheopur ","'Tongni","'MADHYA PRADESH",16.68,46.06
10,2014,"'Sheopur ","'Jawasa","'MADHYA PRADESH",17.12,47.95
10,2014,"'Sheopur ","'Awani","'MADHYA PRADESH",4.78,27.13
10,2014,"'Sheopur ","'Jaini","'MADHYA PRADESH",13.43,47.45
10,2014,"'Sheopur ","'Samarsa","'MADHYA PRADESH",10.55,38.13
10,2014,"'Sheopur ","'Unchakheda","'MADHYA PRADESH",8.84,44.89
10,2014,"'Sheopur ","'Bichpuri","'MADHYA PRADESH",12.74,33.61
10,2014,"'Sheopur ","'Talawda","'MADHYA PRADESH",7.68,36.3
10,2014,"'Sheopur ","'Dantarda Kalan","'MADHYA PRADESH",3.67,30.14
10,2014,"'Sheopur ","'Sada Ka Pada","'MADHYA PRADESH",1.18,33.66
10,2014,"'Sheopur ","'Karman Ka Pada","'MADHYA PRADESH",12.06,45.02
10,2014,"'Sheopur ","'Tekna","'MADHYA PRADESH",14.84,27.09
10,2014,"'Sheopur ","'Takna Chak","'MADHYA PRADESH",20.81,27.46
10,2014,"'Sheopur ","'Fatehpur T.Manpur","'MADHYA PRADESH",18.95,36.21
10,2014,"'Sheopur ","'Manpur","'MADHYA PRADESH",15.71,38.85
10,2014,"'Sheopur ","'Mewada","'MADHYA PRADESH",19.46,48.3
10,2014,"'Sheopur ","'Gothra","'MADHYA PRADESH",18.18,31.84
10,2014,"'Sheopur ","'Moondla","'MADHYA PRADESH",19.67,48.14
10,2014,"'Sheopur ","'Ladpura","'MADHYA PRADESH",1.02,49.53
10,2014,"'Sheopur ","'Kokad","'MADHYA PRADESH",6.8,28.97
10,2014,"'Sheopur ","'Dobra","'MADHYA PRADESH",16.5,37.92
10,2014,"'Sheopur ","'Tehla","'MADHYA PRADESH",21.25,40.12
10,2014,"'Sheopur ","'Jamoordi","'MADHYA PRADESH",16.52,39.71
10,2014,"'Sheopur ","'Shankarpur","'MADHYA PRADESH",15.9,34.91
10,2014,"'Sheopur ","'Chakbamoolya","'MADHYA PRADESH",15.66,47.37
10,2014,"'Sheopur ","'Sohi Khurd","'MADHYA PRADESH",15.96,46.69
10,2014,"'Sheopur ","'Daduni","'MADHYA PRADESH",7.02,36.84
10,2014,"'Sheopur ","'Rajpura","'MADHYA PRADESH",23.55,27.59
10,2014,"'Sheopur ","'Bheekhapur","'MADHYA PRADESH",23.92,43.28
10,2014,"'Sheopur ","'Jwalapur","'MADHYA PRADESH",16.87,36.3
10,2014,"'Sheopur ","'Nandapur","'MADHYA PRADESH",21.74,27.24
10,2014,"'Sheopur ","'Harpura","'MADHYA PRADESH",4.12,35.89
10,2014,"'Sheopur ","'Soi Kalan","'MADHYA PRADESH",2.17,43.5
10,2014,"'Sheopur ","'Kotra","'MADHYA PRADESH",16.76,39.8
10,2014,"'Sheopur ","'Gurnawda","'MADHYA PRADESH",13.93,44.2
10,2014,"'Sheopur ","'Chopna","'MADHYA PRADESH",2.45,40.08
10,2014,"'Sheopur ","'Jawdeshwar","'MADHYA PRADESH",19.15,47.62
10,2014,"'Sheopur ","'Kacharmooli","'MADHYA PRADESH",19.81,30.38
10,2014,"'Sheopur ","'Bagadua","'MADHYA PRADESH",11.48,34.63
10,2014,"'Sheopur ","'Kanwarpura","'MADHYA PRADESH",11.34,26.6
10,2014,"'Sheopur ","'Mohammadpur","'MADHYA PRADESH",22.33,40.1
10,2014,"'Sheopur ","'Badoda Ram","'MADHYA PRADESH",23.19,39.66
10,2014,"'Sheopur ","'Seeswali","'MADHYA PRADESH",4.17,32.11
10,2014,"'Sheopur ","'Lechoda","'MADHYA PRADESH",10,35.06
10,2014,"'Sheopur ","'Banwada","'MADHYA PRADESH",2.62,39.59
10,2014,"'Sheopur ","'Kaririya","'MADHYA PRADESH",12.92,38.03
10,2014,"'Sheopur ","'Dalarna Kalan","'MADHYA PRADESH",21.42,31.26
10,2014,"'Sheopur ","'Behted","'MADHYA PRADESH",13.32,43.67
10,2014,"'Sheopur ","'Ichhana Khedi","'MADHYA PRADESH",7.13,39.28
10,2014,"'Sheopur ","'Adoosa","'MADHYA PRADESH",21.31,39.72
10,2014,"'Sheopur ","'Mudalapada","'MADHYA PRADESH",4.06,46.79
10,2014,"'Sheopur ","'Malarna","'MADHYA PRADESH",17.35,31.25
10,2014,"'Sheopur ","'Bitthalpur","'MADHYA PRADESH",19.72,47.37
10,2014,"'Sheopur ","'Cheeta  Khedi","'MADHYA PRADESH",17.18,41.01
10,2014,"'Sheopur ","'Makhana Khedi","'MADHYA PRADESH",8.87,43.34
10,2014,"'Sheopur ","'Chak Juwad","'MADHYA PRADESH",17.56,49.87
10,2014,"'Sheopur ","'Juwad","'MADHYA PRADESH",20.4,35.08
10,2014,"'Sheopur ","'Pahadlya","'MADHYA PRADESH",21.42,31.82
10,2014,"'Sheopur ","'Fatahpur(Advad)","'MADHYA PRADESH",24.92,28.36
10,2014,"'Sheopur ","'Southwa","'MADHYA PRADESH",5.59,44.91
10,2014,"'Sheopur ","'Nagargawoda","'MADHYA PRADESH",5.57,49.38
10,2014,"'Sheopur ","'Rannod","'MADHYA PRADESH",4.71,47.85
10,2014,"'Sheopur ","'Charond","'MADHYA PRADESH",20.08,27.92
10,2014,"'Sheopur ","'Jalera","'MADHYA PRADESH",2.02,31.33
10,2014,"'Sheopur ","'Padsalya","'MADHYA PRADESH",10.78,44.64
10,2014,"'Sheopur ","'Goheda","'MADHYA PRADESH",12.57,26.03
10,2014,"'Sheopur ","'Chakpadalya","'MADHYA PRADESH",2.77,45.12
10,2014,"'Sheopur ","'Bamooli Gusai","'MADHYA PRADESH",14.44,47.58
10,2014,"'Sheopur ","'Kanwar Sali","'MADHYA PRADESH",18.52,48.59
10,2014,"'Sheopur ","'Nagdi","'MADHYA PRADESH",5.57,50
10,2014,"'Sheopur ","'Hansapura","'MADHYA PRADESH",10.69,37.88
10,2014,"'Sheopur ","'Kilgaodi","'MADHYA PRADESH",22.94,44.83
10,2014,"'Sheopur ","'Tillipur","'MADHYA PRADESH",14,37.47
10,2014,"'Sheopur ","'Matasoola","'MADHYA PRADESH",8.25,39.76
10,2014,"'Sheopur ","'Gopalpura","'MADHYA PRADESH",14.5,34.18
10,2014,"'Sheopur ","'Rajalai","'MADHYA PRADESH",5.59,38.81
10,2014,"'Sheopur ","'Roopnagar","'MADHYA PRADESH",10.09,34.65
10,2014,"'Sheopur ","'Salapur Khedi","'MADHYA PRADESH",20.13,43.05
10,2014,"'Sheopur ","'Jat Kheda","'MADHYA PRADESH",22.04,44.55
10,2014,"'Sheopur ","'Raipura","'MADHYA PRADESH",18.63,42.83
10,2014,"'Sheopur ","'Dalarna Khurd","'MADHYA PRADESH",2.05,49.65
10,2014,"'Sheopur ","'Datarda Khurd","'MADHYA PRADESH",4.1,48.64
10,2014,"'Sheopur ","'Mukandpura","'MADHYA PRADESH",9.79,31.61
10,2014,"'Sheopur ","'Bardha Bujurg","'MADHYA PRADESH",11.82,33.73
10,2014,"'Sheopur ","'Salapura (Part)","'MADHYA PRADESH",23.58,47.64
10,2014,"'Sheopur ","'Salapura (OG) (Part)","'MADHYA PRADESH",8.71,48.44
10,2014,"'Sheopur ","'Kalarna","'MADHYA PRADESH",4.73,32.49
10,2014,"'Sheopur ","'Dhengda","'MADHYA PRADESH",6.24,42.91
10,2014,"'Sheopur ","'Bagbaj","'MADHYA PRADESH",17.27,41.85
10,2014,"'Sheopur ","'Abhaypura","'MADHYA PRADESH",13.06,32.36
10,2014,"'Sheopur ","'Birampura","'MADHYA PRADESH",8.9,38.55
10,2014,"'Sheopur ","'Rampura Dang","'MADHYA PRADESH",2.96,42.87
10,2014,"'Sheopur ","'Nayagaon Gujaran","'MADHYA PRADESH",5.69,28.48
10,2014,"'Sheopur ","'Semalda Haveli","'MADHYA PRADESH",22.04,37.69
10,2014,"'Sheopur ","'Bawnda Kalitalai","'MADHYA PRADESH",2.56,43.57
10,2014,"'Sheopur ","'Mayapur","'MADHYA PRADESH",6.92,30.02
10,2014,"'Sheopur ","'Fatehpur","'MADHYA PRADESH",22.26,44.61
10,2014,"'Sheopur ","'Shahpura","'MADHYA PRADESH",11.97,44.13
10,2014,"'Sheopur ","'Malpura","'MADHYA PRADESH",5.23,49.82
10,2014,"'Sheopur ","'Chodpur","'MADHYA PRADESH",22.96,49.02
10,2014,"'Sheopur ","'Prempura Habeli","'MADHYA PRADESH",15.15,31.14
10,2014,"'Sheopur ","'Mau","'MADHYA PRADESH",13.95,38.65
10,2014,"'Sheopur ","'Hasanpur Habeli","'MADHYA PRADESH",9.18,41.13
10,2014,"'Sheopur ","'Jaida","'MADHYA PRADESH",10.67,38.79
10,2014,"'Sheopur ","'Mithepura","'MADHYA PRADESH",19.35,35.52
10,2014,"'Sheopur ","'Guwadi","'MADHYA PRADESH",15.58,32.39
10,2014,"'Sheopur ","'Nagda","'MADHYA PRADESH",3.46,31.39
10,2014,"'Sheopur ","'Ichchhapura","'MADHYA PRADESH",9.58,29.19
10,2014,"'Sheopur ","'Chak Ichchhapura","'MADHYA PRADESH",4.54,28.11
10,2014,"'Sheopur ","'Asida","'MADHYA PRADESH",10.35,40.96
10,2014,"'Sheopur ","'Bagwada","'MADHYA PRADESH",14.28,48.04
10,2014,"'Sheopur ","'Tarra Mafi","'MADHYA PRADESH",13.19,46.66
10,2014,"'Sheopur ","'Dhoti","'MADHYA PRADESH",10.21,46.5
10,2014,"'Sheopur ","'Khirni","'MADHYA PRADESH",11.3,33.86
10,2014,"'Sheopur ","'Bilwada","'MADHYA PRADESH",18.75,40.09
10,2014,"'Sheopur ","'Pithana Khedli","'MADHYA PRADESH",18.73,38.28
10,2014,"'Sheopur ","'Soondi","'MADHYA PRADESH",9.09,26.91
10,2014,"'Sheopur ","'Dawarsa","'MADHYA PRADESH",13.35,35.92
10,2014,"'Sheopur ","'Adwad","'MADHYA PRADESH",22.68,28.64
10,2014,"'Sheopur ","'Jalalpura","'MADHYA PRADESH",15.37,35.91
10,2014,"'Sheopur ","'Pandli","'MADHYA PRADESH",5.17,47.37
10,2014,"'Sheopur ","'Gaondi","'MADHYA PRADESH",21.94,41.94
10,2014,"'Sheopur ","'Nimodapeer","'MADHYA PRADESH",15.31,38.35
10,2014,"'Sheopur ","'Amalda","'MADHYA PRADESH",15.66,45.02
10,2014,"'Sheopur ","'Premsar","'MADHYA PRADESH",7.66,42.43
10,2014,"'Sheopur ","'Godha Adwad","'MADHYA PRADESH",5.89,29.32
10,2014,"'Sheopur ","'Patpada","'MADHYA PRADESH",21.59,44.71
10,2014,"'Sheopur ","'Nanawad","'MADHYA PRADESH",15.03,31.55
10,2014,"'Sheopur ","'Mawda","'MADHYA PRADESH",15.21,46.23
10,2014,"'Sheopur ","'Gurunawada Utanwad","'MADHYA PRADESH",10.35,41.99
10,2014,"'Sheopur ","'Dubdi Utanwad","'MADHYA PRADESH",8.92,30.12
10,2014,"'Sheopur ","'Bada Kheda","'MADHYA PRADESH",19.24,36.83
10,2014,"'Sheopur ","'Chhota Kheda","'MADHYA PRADESH",3.05,34.12
10,2014,"'Sheopur ","'Sankarli","'MADHYA PRADESH",13.9,45.87
10,2014,"'Sheopur ","'Napa Khedli","'MADHYA PRADESH",8.74,48.32
10,2014,"'Sheopur ","'Bijarpur","'MADHYA PRADESH",23.77,46.63
10,2014,"'Sheopur ","'Pachipura","'MADHYA PRADESH",21.18,44.54
10,2014,"'Sheopur ","'Rigni","'MADHYA PRADESH",8.01,48.36
10,2014,"'Sheopur ","'Kilorach","'MADHYA PRADESH",22.87,41.02
10,2014,"'Sheopur ","'Kanapur","'MADHYA PRADESH",20.51,41.98
10,2014,"'Sheopur ","'Daulatpura","'MADHYA PRADESH",5.41,41.61
10,2014,"'Sheopur ","'Pipaldi","'MADHYA PRADESH",8.88,37.26
10,2014,"'Sheopur ","'Kishorpura","'MADHYA PRADESH",8.49,32.24
10,2014,"'Sheopur ","'Kund Habeli","'MADHYA PRADESH",19.05,48.59
10,2014,"'Sheopur ","'Ramgawdi","'MADHYA PRADESH",9.91,44.89
10,2014,"'Sheopur ","'Kathodi","'MADHYA PRADESH",24.64,39.21
10,2014,"'Sheopur ","'Ajapura","'MADHYA PRADESH",3.44,40.6
10,2014,"'Sheopur ","'Bamorihala","'MADHYA PRADESH",19.6,27.14
10,2014,"'Sheopur ","'Gonda Khedi","'MADHYA PRADESH",10.78,29.96
10,2014,"'Sheopur ","'Madhorajpura","'MADHYA PRADESH",15.51,44.87
10,2014,"'Sheopur ","'Janpura","'MADHYA PRADESH",9.32,47.98
10,2014,"'Sheopur ","'Halgaoda Bujurg","'MADHYA PRADESH",23.05,32.13
10,2014,"'Sheopur ","'Tulsef","'MADHYA PRADESH",15.81,27.25
10,2014,"'Sheopur ","'Dukalya Kheda","'MADHYA PRADESH",6.85,39.28
10,2014,"'Sheopur ","'Sheopur (OG)","'MADHYA PRADESH",5.89,28.82
10,2014,"'Sheopur ","'Badoda","'MADHYA PRADESH",17.19,41.67
10,2014,"'Sheopur ","'Utanbad","'MADHYA PRADESH",20.63,27.38
10,2014,"'Sheopur ","'Bandi Kheda","'MADHYA PRADESH",21.27,48.37
10,2014,"'Sheopur ","'Lond","'MADHYA PRADESH",5.13,29.51
10,2014,"'Sheopur ","'Chandrapura","'MADHYA PRADESH",11.35,48.66
10,2014,"'Sheopur ","'Filojpura","'MADHYA PRADESH",22.87,49.08
10,2014,"'Sheopur ","'Ladpura (Ratodan)","'MADHYA PRADESH",4.71,46.64
10,2014,"'Sheopur ","'Talawda","'MADHYA PRADESH",3.3,48.2
10,2014,"'Sheopur ","'Dhondpur","'MADHYA PRADESH",13.91,31.25
10,2014,"'Sheopur ","'Lat","'MADHYA PRADESH",6.92,39.78
10,2014,"'Sheopur ","'Nayagoan(Dhopur)","'MADHYA PRADESH",7.78,27.89
10,2014,"'Sheopur ","'Radep","'MADHYA PRADESH",13.83,43.09
10,2014,"'Sheopur ","'Mekhda Hedi","'MADHYA PRADESH",21.99,44.79
10,2014,"'Sheopur ","'Sarsali","'MADHYA PRADESH",20.27,32.5
10,2014,"'Sheopur ","'Khedli","'MADHYA PRADESH",10.35,35.61
10,2014,"'Sheopur ","'Khanpura","'MADHYA PRADESH",8.19,28.4
10,2014,"'Sheopur ","'Sahpura ","'MADHYA PRADESH",5.73,45.97
10,2014,"'Sheopur ","'Karnya Khedli","'MADHYA PRADESH",7.31,43.58
10,2014,"'Sheopur ","'Mundla","'MADHYA PRADESH",16.18,39.14
10,2014,"'Sheopur ","'Bilendi","'MADHYA PRADESH",21.57,27.86
10,2014,"'Sheopur ","'Pandola","'MADHYA PRADESH",20.5,46.39
10,2014,"'Sheopur ","'Bhasurdar","'MADHYA PRADESH",18.37,45.79
10,2014,"'Sheopur ","'Bamori Jat","'MADHYA PRADESH",7.08,41.34
10,2014,"'Sheopur ","'Kishanpura","'MADHYA PRADESH",20.43,36.5
10,2014,"'Sheopur ","'Hirni Kheda","'MADHYA PRADESH",5.59,49.77
10,2014,"'Sheopur ","'Narayanpura","'MADHYA PRADESH",24.25,35.74
10,2014,"'Sheopur ","'Shri Ji Ki Ganwadi","'MADHYA PRADESH",3.32,35.33
10,2014,"'Sheopur ","'Pandoli","'MADHYA PRADESH",16.31,42.98
10,2014,"'Sheopur ","'Galmanya","'MADHYA PRADESH",21.66,33.12
10,2014,"'Sheopur ","'Luhad","'MADHYA PRADESH",6.88,26.88
10,2014,"'Sheopur ","'Luhadi Kheda","'MADHYA PRADESH",18.77,32.28
10,2014,"'Sheopur ","'Dheekariya","'MADHYA PRADESH",1.2,45.14
10,2014,"'Sheopur ","'Alapura","'MADHYA PRADESH",12.32,29.97
10,2014,"'Sheopur ","'Rajaura","'MADHYA PRADESH",11.98,38.15
10,2014,"'Sheopur ","'Panwada","'MADHYA PRADESH",18.96,33.65
10,2014,"'Sheopur ","'Bajarli","'MADHYA PRADESH",13.8,40.69
10,2014,"'Sheopur ","'Pahadli","'MADHYA PRADESH",22.99,48.66
10,2014,"'Sheopur ","'Balapura","'MADHYA PRADESH",8.25,34.34
10,2014,"'Sheopur ","'Bahdawad","'MADHYA PRADESH",7.55,47.33
10,2014,"'Sheopur ","'Bida Khedli","'MADHYA PRADESH",7.77,32.25
10,2014,"'Sheopur ","'Basond","'MADHYA PRADESH",9.65,26.69
10,2014,"'Sheopur ","'Rajpura Jhunjhunipura","'MADHYA PRADESH",14.86,48
10,2014,"'Sheopur ","'Kuhanjapur","'MADHYA PRADESH",13.27,45.19
10,2014,"'Sheopur ","'Kalu Khedli","'MADHYA PRADESH",10.07,43.94
10,2014,"'Sheopur ","'Badodiya Ghat","'MADHYA PRADESH",2.01,47.31
10,2014,"'Sheopur ","'Bich Gawdi","'MADHYA PRADESH",17.06,43.85
10,2014,"'Sheopur ","'Dhanod","'MADHYA PRADESH",12.4,32.83
10,2014,"'Sheopur ","'Bawadi Bichchhu","'MADHYA PRADESH",21.19,31.74
10,2014,"'Sheopur ","'Lalitpura","'MADHYA PRADESH",14.57,47.57
10,2014,"'Sheopur ","'Adotpura Alis_E Rajpu","'MADHYA PRADESH",15.29,47.2
10,2014,"'Sheopur ","'Sarangpur","'MADHYA PRADESH",14.8,30.9
10,2014,"'Sheopur ","'Dharampura","'MADHYA PRADESH",19.19,34
10,2014,"'Sheopur ","'Kudaytha","'MADHYA PRADESH",1.46,36.49
10,2014,"'Sheopur ","'Barkhera","'MADHYA PRADESH",15.56,44.76
10,2014,"'Sheopur ","'Thikariya","'MADHYA PRADESH",9.1,29.41
10,2014,"'Sheopur ","'Pali","'MADHYA PRADESH",24.75,47.2
10,2014,"'Sheopur ","'Badodiya Bindi","'MADHYA PRADESH",5.38,27.61
10,2014,"'Sheopur ","'Borda Dev","'MADHYA PRADESH",17.22,36.61
10,2014,"'Sheopur ","'Indarpura","'MADHYA PRADESH",10.06,41.55
10,2014,"'Sheopur ","'Udaytha","'MADHYA PRADESH",7.12,27.57
10,2014,"'Sheopur ","'Hathwadi","'MADHYA PRADESH",22.04,40.52
10,2014,"'Sheopur ","'Prempura","'MADHYA PRADESH",16.47,41.16
10,2014,"'Sheopur ","'Pipalda","'MADHYA PRADESH",19.39,32.82
10,2014,"'Sheopur ","'Kaloney","'MADHYA PRADESH",6.86,26.47
10,2014,"'Sheopur ","'Bhilwadia","'MADHYA PRADESH",22.98,27.33
10,2014,"'Sheopur ","'Maharajpura","'MADHYA PRADESH",5.5,33.81
10,2014,"'Sheopur ","'Shripura","'MADHYA PRADESH",4.39,28.71
10,2014,"'Sheopur ","'Makraoda Khurd","'MADHYA PRADESH",21.56,36.94
10,2014,"'Sheopur ","'Makraoda Kalan","'MADHYA PRADESH",18.75,35.64
10,2014,"'Sheopur ","'Sirsod","'MADHYA PRADESH",6.73,43.54
10,2014,"'Sheopur ","'Ratodan","'MADHYA PRADESH",8.43,33.26
10,2014,"'Sheopur ","'Bandi","'MADHYA PRADESH",15.16,47.4
10,2014,"'Sheopur ","'Halgaoda Khurd","'MADHYA PRADESH",19.15,40.97
10,2014,"'Sheopur ","'Nayagaon Tehkhand","'MADHYA PRADESH",8.77,48.66
10,2014,"'Sheopur ","'Med Khedi","'MADHYA PRADESH",14.49,39.3
10,2014,"'Sheopur ","'Patna","'MADHYA PRADESH",22.89,47.56
10,2014,"'Sheopur ","'Bagalda","'MADHYA PRADESH",10.52,42.56
10,2014,"'Sheopur ","'Karwadya","'MADHYA PRADESH",18.18,27.54
10,2014,"'Sheopur ","'Jaisinghpura","'MADHYA PRADESH",19.07,30.17
10,2014,"'Sheopur ","'Prempura","'MADHYA PRADESH",15.45,31.65
10,2014,"'Sheopur ","'Hanuman Kheda","'MADHYA PRADESH",17.99,44.76
10,2014,"'Sheopur ","'Badodiya Jinsi","'MADHYA PRADESH",2.52,49.05
10,2014,"'Sheopur ","'Radhapura","'MADHYA PRADESH",13.45,26.05
10,2014,"'Sheopur ","'Kalmunda","'MADHYA PRADESH",13.88,43.53
10,2014,"'Sheopur ","'Handi","'MADHYA PRADESH",19.04,26.11
10,2014,"'Sheopur ","'Salmanya","'MADHYA PRADESH",2.26,33.74
10,2014,"'Sheopur ","'Baodee Chapa","'MADHYA PRADESH",20.6,38.59
10,2014,"'Sheopur ","'Nayagaon Lakha","'MADHYA PRADESH",22.74,45.93
10,2014,"'Sheopur ","'Rijha","'MADHYA PRADESH",8.66,32.62
10,2014,"'Sheopur ","'Subkara","'MADHYA PRADESH",7.7,34.42
10,2014,"'Sheopur ","'Pyaripura","'MADHYA PRADESH",24.52,44.73
10,2014,"'Sheopur ","'Latawni","'MADHYA PRADESH",18.2,38.37
10,2014,"'Sheopur ","'Shyampura","'MADHYA PRADESH",20.93,47.71
10,2014,"'Sheopur ","'Moojhri","'MADHYA PRADESH",3.09,48.38
10,2014,"'Sheopur ","'Kherona","'MADHYA PRADESH",15.82,27.61
10,2014,"'Sheopur ","'Jakhda Jagir","'MADHYA PRADESH",22.84,30.4
10,2014,"'Sheopur ","'Karahal","'MADHYA PRADESH",14.41,26.27
10,2014,"'Sheopur ","'Heerapur","'MADHYA PRADESH",14.63,44.16
10,2014,"'Sheopur ","'Girdharpur","'MADHYA PRADESH",5.09,26.09
10,2014,"'Sheopur ","'Jharer","'MADHYA PRADESH",3.88,44.29
10,2014,"'Sheopur ","'Patalgarh","'MADHYA PRADESH",13.84,39.78
10,2014,"'Sheopur ","'Kalitalai","'MADHYA PRADESH",14.89,40.29
10,2014,"'Sheopur ","'Gadhla","'MADHYA PRADESH",7.38,35.44
10,2014,"'Sheopur ","'Budhera","'MADHYA PRADESH",15.44,44.08
10,2014,"'Sheopur ","'Dobh","'MADHYA PRADESH",7.36,31.84
10,2014,"'Sheopur ","'Simroniya","'MADHYA PRADESH",6.51,30.14
10,2014,"'Sheopur ","'Doondi Kheda","'MADHYA PRADESH",12.88,27.28
10,2014,"'Sheopur ","'Kankra","'MADHYA PRADESH",5.19,37.43
10,2014,"'Sheopur ","'Dubdee","'MADHYA PRADESH",22.69,37.66
10,2014,"'Sheopur ","'Saran Aharwani","'MADHYA PRADESH",1.4,41.45
10,2014,"'Sheopur ","'Madanpur","'MADHYA PRADESH",14.23,34.17
10,2014,"'Sheopur ","'Agra","'MADHYA PRADESH",6.52,26.47
10,2014,"'Sheopur ","'Bamoree","'MADHYA PRADESH",8.27,41.65
10,2014,"'Sheopur ","'Hasanpur","'MADHYA PRADESH",20.85,48.3
10,2014,"'Sheopur ","'Palampur","'MADHYA PRADESH",3.85,42.26
10,2014,"'Sheopur ","'Bargawan","'MADHYA PRADESH",17.88,43.56
10,2014,"'Sheopur ","'Pahadee","'MADHYA PRADESH",12.44,39.49
10,2014,"'Sheopur ","'Chitara","'MADHYA PRADESH",23.7,42.37
10,2014,"'Sheopur ","'Jakhda","'MADHYA PRADESH",7.04,43.38
10,2014,"'Sheopur ","'Karrai","'MADHYA PRADESH",14.2,44.68
10,2014,"'Sheopur ","'Piprani","'MADHYA PRADESH",2.09,26.46
10,2014,"'Sheopur ","'Kadwal","'MADHYA PRADESH",2.75,31.77
10,2014,"'Sheopur ","'Gothra","'MADHYA PRADESH",4.24,40.63
10,2014,"'Sheopur ","'Jakhda Dogry","'MADHYA PRADESH",8.23,43.39
10,2014,"'Sheopur ","'Sarari Kalan","'MADHYA PRADESH",13.59,43.3
10,2014,"'Sheopur ","'Sarari Khurd","'MADHYA PRADESH",23.43,37.59
10,2014,"'Sheopur ","'Bhela","'MADHYA PRADESH",3.07,46.71
10,2014,"'Sheopur ","'Kalmee Kakarda","'MADHYA PRADESH",22.32,45.89
10,2014,"'Sheopur ","'Ajoney","'MADHYA PRADESH",11.86,49.88
10,2014,"'Sheopur ","'Dablee","'MADHYA PRADESH",7.93,28.71
10,2014,"'Sheopur ","'Bandhaly","'MADHYA PRADESH",20.9,42.77
10,2014,"'Sheopur ","'Kelor","'MADHYA PRADESH",8.33,40.57
10,2014,"'Sheopur ","'Neemodamath","'MADHYA PRADESH",20.97,41.1
10,2014,"'Sheopur ","'Awada","'MADHYA PRADESH",9.25,37.45
10,2014,"'Sheopur ","'Malipura","'MADHYA PRADESH",20.47,42.4
10,2014,"'Sheopur ","'Sarjpura","'MADHYA PRADESH",8.25,26.81
10,2014,"'Sheopur ","'Goras","'MADHYA PRADESH",24.53,34.92
10,2014,"'Sheopur ","'Reechee","'MADHYA PRADESH",4.17,44.15
10,2014,"'Sheopur ","'Panar","'MADHYA PRADESH",22.98,41.68
10,2014,"'Sheopur ","'Bhotoopura","'MADHYA PRADESH",14.97,45.05
10,2014,"'Sheopur ","'Govarda Khurd","'MADHYA PRADESH",10.78,42.46
10,2014,"'Sheopur ","'Basai","'MADHYA PRADESH",2,42.11
10,2014,"'Sheopur ","'Karahal","'MADHYA PRADESH",20.63,29.93
10,2014,"'Sheopur ","'Silpuri","'MADHYA PRADESH",14.07,27.53
10,2014,"'Sheopur ","'Panwada","'MADHYA PRADESH",20.88,39.87
10,2014,"'Sheopur ","'Govarda Kalan","'MADHYA PRADESH",20.76,32.52
10,2014,"'Sheopur ","'Bahrai","'MADHYA PRADESH",6.14,40.57
10,2014,"'Sheopur ","'Paratwada","'MADHYA PRADESH",8.77,49.29
10,2014,"'Sheopur ","'Amet","'MADHYA PRADESH",11.87,46.55
10,2014,"'Sheopur ","'Amethi","'MADHYA PRADESH",17.1,31.83
10,2014,"'Sheopur ","'Chandpur","'MADHYA PRADESH",18.1,26.97
10,2014,"'Sheopur ","'Sethpur","'MADHYA PRADESH",10.12,31.82
10,2014,"'Sheopur ","'Lahroney","'MADHYA PRADESH",13.93,29.33
10,2014,"'Sheopur ","'Badrenta","'MADHYA PRADESH",8.03,43.32
10,2014,"'Sheopur ","'Rahron (Partwada)","'MADHYA PRADESH",19.47,39.82
10,2014,"'Sheopur ","'Moravan","'MADHYA PRADESH",9.01,33.08
10,2014,"'Sheopur ","'Karkho (Tiktoli)","'MADHYA PRADESH",12.26,41.79
10,2014,"'Sheopur ","'Jakhda","'MADHYA PRADESH",22.49,31.62
10,2014,"'Sheopur ","'Patari","'MADHYA PRADESH",14.51,27.2
10,2014,"'Sheopur ","'Hetedi","'MADHYA PRADESH",9.86,34.06
10,2014,"'Sheopur ","'Based","'MADHYA PRADESH",3.45,32.95
10,2014,"'Sheopur ","'Nabalpura","'MADHYA PRADESH",23.81,48.06
10,2014,"'Sheopur ","'Silori","'MADHYA PRADESH",7.84,33.43
10,2014,"'Sheopur ","'Kurachor Kalan","'MADHYA PRADESH",13.85,29.96
10,2014,"'Sheopur ","'Kurachor Khurd","'MADHYA PRADESH",10.63,35.72
10,2014,"'Sheopur ","'Domari (Karhal)","'MADHYA PRADESH",3.98,27.91
10,2014,"'Sheopur ","'Tighara","'MADHYA PRADESH",2.68,35.83
10,2014,"'Sheopur ","'Sesaipura","'MADHYA PRADESH",15.65,43.32
10,2014,"'Sheopur ","'Adhwada","'MADHYA PRADESH",3.87,45.94
10,2014,"'Sheopur ","'Ajnoi","'MADHYA PRADESH",13.14,35.09
10,2014,"'Sheopur ","'Chak Kishanpur","'MADHYA PRADESH",10.66,35.5
10,2014,"'Sheopur ","'Jamurdi Karhal","'MADHYA PRADESH",13.23,27.13
